,id,actual,google/gemma-2-27b-it,google/gemma-2-27b-it-Probs
0,23002,2,0,0
1,8580,1,2,2
2,15072,0,0,0
3,23299,2,2,2
4,18163,0,0,0
5,14119,1,1,1
6,10676,1,1,1
7,22807,2,2,2
8,938,1,1,1
9,9905,0,1,1
10,504,1,2,2
11,1232,1,2,2
12,23447,2,2,2
13,404,1,1,1
14,23407,2,0,0
15,22883,2,2,2
16,22672,2,2,2
17,17386,0,0,0
18,6915,0,0,0
19,759,0,0,0
20,16679,0,0,0
21,10567,0,0,0
22,2171,1,1,1
23,10515,0,2,2
24,4616,0,0,0
25,6284,0,2,2
26,22661,2,0,0
27,12467,0,0,0
28,1254,1,1,1
29,5317,1,1,1
30,4657,1,0,0
31,23156,2,2,2
32,11475,1,1,1
33,11923,1,0,0
34,22746,2,2,2
35,22942,2,2,2
36,22529,2,2,2
37,10690,1,1,1
38,22692,2,2,2
39,23179,2,2,2
40,18589,0,0,0
41,22638,2,1,1
42,3302,0,0,0
43,11994,1,1,1
44,14176,0,0,0
45,5773,1,0,0
46,4704,2,2,2
47,23274,2,0,0
48,4510,0,0,0
49,13449,1,1,1
50,6306,1,1,1
51,14323,0,0,0
52,3103,1,1,1
53,23092,2,1,1
54,22673,2,2,2
55,19319,0,0,0
56,8531,1,2,2
57,23480,2,2,2
58,19496,1,2,2
59,16723,1,0,0
60,22545,2,2,2
61,14661,0,0,0
62,5986,1,1,1
63,13030,0,1,1
64,22824,2,0,0
65,3731,1,0,0
66,15472,1,2,2
67,13025,1,0,0
68,5897,0,0,0
69,6275,0,2,2
70,22558,2,0,0
71,16989,1,0,0
72,23168,2,2,2
73,22800,2,2,2
74,11762,2,0,0
75,19280,0,0,0
76,23188,2,2,2
77,13816,1,1,1
78,5838,0,0,0
79,1716,1,1,1
80,22845,2,2,2
81,7672,0,0,0
82,22630,2,2,2
83,22868,2,2,2
84,10183,1,1,1
85,22633,2,2,2
86,8069,1,1,1
87,15861,1,2,2
88,6788,1,1,1
89,23335,2,2,2
90,22682,2,2,2
91,413,0,0,0
92,22548,2,2,2
93,4734,1,1,1
94,23409,2,2,2
95,3585,0,0,0
96,8181,1,1,1
97,22610,2,2,2
98,4123,0,0,0
99,14859,1,0,0
100,10702,0,0,0
101,23290,2,2,2
102,23389,2,2,2
103,16214,0,1,1
104,23104,2,0,0
105,22714,2,2,2
106,5526,1,1,1
107,18162,0,0,0
108,14566,0,1,1
109,9593,1,1,1
110,4567,1,1,1
111,14374,0,1,1
112,197,1,0,0
113,7705,2,1,1
114,22846,2,2,2
115,19334,0,2,2
116,16267,0,0,0
117,22795,2,2,2
118,4026,1,1,1
119,11637,1,0,0
120,13432,1,0,0
121,22960,2,1,1
122,1592,1,1,1
123,3591,2,-1,-1
124,17636,1,0,0
125,22720,2,2,2
126,17423,0,0,0
127,4931,0,0,0
128,22602,2,0,0
129,17079,0,0,0
130,19022,0,0,0
131,23105,2,0,0
132,22690,2,0,0
133,17993,1,0,0
134,13623,0,0,0
135,365,1,1,1
136,5241,0,1,1
137,23041,2,2,2
138,23016,2,2,2
139,22582,2,0,0
140,23380,2,2,2
141,22788,2,2,2
142,3364,0,0,0
143,22869,2,2,2
144,23378,2,1,1
145,23112,2,2,2
146,17273,1,1,1
147,23131,2,2,2
148,8587,1,1,1
149,2430,1,2,2
150,8133,1,1,1
151,15240,1,1,1
152,1014,1,0,0
153,23375,2,2,2
154,22940,2,2,2
155,23349,2,2,2
156,22945,2,2,2
157,11402,1,1,1
158,295,0,2,2
159,22971,2,2,2
160,22876,2,2,2
161,23320,2,2,2
162,12004,0,2,2
163,23336,2,2,2
164,23497,2,0,0
165,13361,1,1,1
166,11069,0,0,0
167,1676,0,-1,-1
168,11313,1,1,1
169,18527,1,1,1
170,22881,2,2,2
171,23095,2,2,2
172,23199,2,2,2
173,18350,0,0,0
174,7074,1,0,0
175,8147,1,1,1
176,23443,2,2,2
177,22581,2,2,2
178,13087,0,1,1
179,7980,0,0,0
180,3744,0,0,0
181,12198,1,1,1
182,23337,2,2,2
183,23014,2,2,2
184,4061,1,2,2
185,9444,0,1,1
186,18089,0,0,0
187,23183,2,2,2
188,13561,0,0,0
189,23175,2,2,2
190,8625,0,0,0
191,23340,2,2,2
192,8534,0,0,0
193,22540,2,2,2
194,2165,1,1,1
195,4729,1,1,1
196,22910,2,2,2
197,23466,2,2,2
198,5154,0,2,2
199,2053,0,0,0
200,5217,1,0,0
201,22640,2,2,2
202,4068,0,2,2
203,4989,1,1,1
204,1643,1,-1,-1
205,9607,1,1,1
206,2861,0,0,0
207,595,0,0,0
208,16647,1,1,1
209,23030,2,2,2
210,22878,2,2,2
211,526,0,2,2
212,3940,1,2,2
213,110,1,1,1
214,15225,1,2,2
215,23488,2,0,0
216,15567,1,1,1
217,22864,2,2,2
218,12005,1,1,1
219,13363,0,0,0
220,8751,0,0,0
221,11463,1,1,1
222,23452,2,2,2
223,1163,1,1,1
224,10898,1,2,2
225,23371,2,2,2
226,8030,0,0,0
227,23060,2,0,0
228,11618,1,0,0
229,15235,0,0,0
230,18453,1,1,1
231,14945,0,0,0
232,18627,1,1,1
233,3943,0,0,0
234,23193,2,2,2
235,18511,0,0,0
236,23406,2,2,2
237,13125,1,1,1
238,23150,2,2,2
239,18027,0,0,0
240,13434,2,0,0
241,3477,0,0,0
242,22705,2,0,0
243,18180,1,1,1
244,17038,1,0,0
245,13941,1,1,1
246,23100,2,2,2
247,17275,0,1,1
248,13372,1,0,0
249,1604,1,1,1
250,17792,0,0,0
251,14055,1,1,1
252,3138,0,0,0
253,10221,1,1,1
254,17062,1,1,1
255,16695,0,0,0
256,2659,0,-1,-1
257,23445,2,2,2
258,23444,2,1,1
259,13993,1,0,0
260,13091,0,0,0
261,141,0,0,0
262,1142,1,1,1
263,16802,1,1,1
264,16427,0,0,0
265,11089,1,0,0
266,9125,0,0,0
267,23015,2,2,2
268,13047,0,0,0
269,11167,1,0,0
270,9906,1,0,0
271,16154,0,0,0
272,22594,2,2,2
273,701,1,1,1
274,22996,2,2,2
275,23008,2,0,0
276,10918,0,0,0
277,23090,2,2,2
278,2328,0,0,0
279,11925,1,1,1
280,4763,1,1,1
281,22865,2,2,2
282,9760,0,0,0
283,6562,0,0,0
284,6888,1,2,2
285,18529,1,1,1
286,18848,1,1,1
287,8671,0,0,0
288,22967,2,2,2
289,22704,2,0,0
290,22920,2,0,0
291,14677,0,0,0
292,22627,2,2,2
293,18727,0,2,2
294,18917,1,1,1
295,12507,0,0,0
296,5894,1,2,2
297,13258,1,1,1
298,5487,0,0,0
299,23006,2,0,0
300,1209,1,1,1
301,10732,0,0,0
302,5609,0,0,0
303,19313,1,1,1
304,11842,1,1,1
305,6223,0,0,0
306,22906,2,2,2
307,13165,1,1,1
308,15540,1,1,1
309,6205,0,0,0
310,22735,2,0,0
311,22665,2,2,2
312,22778,2,2,2
313,7149,0,0,0
314,3584,0,0,0
315,17072,0,0,0
316,22642,2,2,2
317,13148,0,0,0
318,7615,2,1,1
319,49,1,1,1
320,3100,1,1,1
321,23399,2,2,2
322,22843,2,2,2
323,18501,0,1,1
324,22810,2,2,2
325,5534,1,1,1
326,14568,0,1,1
327,4235,1,1,1
328,23338,2,1,1
329,22655,2,2,2
330,22842,2,2,2
331,22725,2,2,2
332,2067,0,0,0
333,22914,2,0,0
334,14857,1,1,1
335,5203,0,0,0
336,10775,0,0,0
337,10783,0,0,0
338,4709,1,1,1
339,10784,0,0,0
340,23011,2,2,2
341,23075,2,2,2
342,22542,2,2,2
343,22758,2,2,2
344,23070,2,2,2
345,23190,2,2,2
346,10169,1,1,1
347,19365,1,1,1
348,16412,0,0,0
349,306,0,0,0
350,23018,2,2,2
351,18755,1,1,1
352,3476,0,0,0
353,23368,2,1,1
354,10617,0,0,0
355,41,0,0,0
356,23210,2,2,2
357,10239,0,0,0
358,5886,1,1,1
359,14999,0,0,0
360,10282,1,1,1
361,3460,1,2,2
362,14547,1,1,1
363,16202,0,0,0
364,2137,0,0,0
365,23421,2,2,2
366,23329,2,2,2
367,1519,0,0,0
368,18554,0,0,0
369,22551,2,2,2
370,659,0,0,0
371,13441,2,1,1
372,6679,0,0,0
373,8416,0,0,0
374,3625,0,0,0
375,11996,0,0,0
376,6930,0,0,0
377,16357,0,0,0
378,9,0,0,0
379,1554,0,0,0
380,23522,2,2,2
381,23171,2,2,2
382,19081,1,0,0
383,2078,0,2,2
384,22659,2,2,2
385,15601,0,2,2
386,11058,0,0,0
387,23286,2,2,2
388,16100,1,1,1
389,12367,0,2,2
390,10430,1,0,0
391,23230,2,2,2
392,23382,2,2,2
393,3933,1,1,1
394,22952,2,0,0
395,13506,0,0,0
396,4584,0,2,2
397,8162,1,1,1
398,14058,1,1,1
399,11072,1,1,1
400,12845,1,1,1
401,16886,0,0,0
402,9443,1,1,1
403,22812,2,2,2
404,10862,0,0,0
405,1877,0,2,2
406,22844,2,0,0
407,7646,0,0,0
408,11443,0,0,0
409,22836,2,2,2
410,5188,0,0,0
411,15443,1,1,1
412,17986,1,2,2
413,23446,2,2,2
414,23107,2,2,2
415,23342,2,2,2
416,18572,0,0,0
417,11879,0,0,0
418,1024,1,1,1
419,1790,1,1,1
420,15124,0,0,0
421,13679,0,0,0
422,761,0,2,2
423,22804,2,2,2
424,19058,1,0,0
425,15189,0,0,0
426,15924,0,0,0
427,10451,1,1,1
428,7375,1,2,2
429,3303,1,1,1
430,23232,2,2,2
431,22820,2,2,2
432,19417,0,0,0
433,8093,1,1,1
434,22777,2,0,0
435,23490,2,2,2
436,23271,2,2,2
437,6567,0,2,2
438,22751,2,0,0
439,3395,0,1,1
440,9896,1,1,1
441,23196,2,2,2
442,1421,1,1,1
443,6931,0,0,0
444,23339,2,2,2
445,16509,0,1,1
446,1616,0,2,2
447,5090,1,1,1
448,19072,0,0,0
449,6175,0,0,0
450,22908,2,0,0
451,23454,2,2,2
452,22648,2,2,2
453,17987,0,0,0
454,4868,0,0,0
455,12834,0,1,1
456,151,1,1,1
457,2315,0,0,0
458,18844,0,2,2
459,3690,0,0,0
460,988,0,0,0
461,22707,2,1,1
462,9341,0,0,0
463,23121,2,1,1
464,16043,1,0,0
465,12539,1,1,1
466,22556,2,2,2
467,23191,2,0,0
468,23155,2,2,2
469,22988,2,2,2
470,6781,0,0,0
471,11282,1,0,0
472,12241,1,0,0
473,11225,0,0,0
474,15512,1,1,1
475,22724,2,2,2
476,13010,1,1,1
477,23253,2,2,2
478,8656,1,1,1
479,23251,2,2,2
480,22835,2,2,2
481,9621,1,2,2
482,854,1,1,1
483,23451,2,2,2
484,2443,0,0,0
485,13559,0,0,0
486,14980,0,0,0
487,9585,1,1,1
488,11866,1,2,2
489,23226,2,2,2
490,22949,2,2,2
491,12002,0,2,2
492,19501,1,0,0
493,14948,0,0,0
494,5265,1,0,0
495,2995,1,1,1
496,3314,1,1,1
497,22880,2,0,0
498,12243,1,0,0
499,10208,0,0,0
500,2237,0,0,0
501,16576,1,1,1
502,22546,2,2,2
503,23420,2,2,2
504,23238,2,2,2
505,8223,1,1,1
506,7860,1,0,0
507,23198,2,2,2
508,5031,0,0,0
509,22937,2,2,2
510,3471,0,0,0
511,23364,2,1,1
512,19124,0,0,0
513,23220,2,2,2
514,12729,0,1,1
515,3643,0,2,2
516,23049,2,2,2
517,23206,2,0,0
518,1882,1,2,2
519,23361,2,1,1
520,11727,1,0,0
521,10065,0,1,1
522,6778,0,2,2
523,23110,2,2,2
524,878,1,1,1
525,23004,2,0,0
526,1561,1,1,1
527,23227,2,2,2
528,4513,0,0,0
529,23492,2,2,2
530,12264,0,0,0
531,23069,2,0,0
532,14409,0,0,0
533,22991,2,0,0
534,1395,0,0,0
535,23056,2,2,2
536,6689,0,1,1
537,14977,1,1,1
538,17065,1,1,1
539,2065,1,0,0
540,22985,2,2,2
541,13306,0,1,1
542,23241,2,2,2
543,10754,0,0,0
544,13804,0,0,0
545,10638,1,1,1
546,420,1,1,1
547,22742,2,2,2
548,23423,2,2,2
549,10099,0,0,0
550,23013,2,2,2
551,16857,1,1,1
552,9451,0,0,0
553,22994,2,2,2
554,18667,0,0,0
555,12341,2,0,0
556,22890,2,2,2
557,13593,0,0,0
558,23248,2,2,2
559,1443,1,1,1
560,6531,0,0,0
561,11616,1,0,0
562,10088,0,0,0
563,3525,1,1,1
564,1153,2,0,0
565,23343,2,2,2
566,23108,2,2,2
567,22983,2,0,0
568,10165,0,1,1
569,22982,2,2,2
570,23228,2,2,2
571,1195,0,0,0
572,17586,0,0,0
573,23201,2,2,2
574,23359,2,2,2
575,11597,1,2,2
576,18060,0,0,0
577,16610,0,0,0
578,23478,2,2,2
579,13001,1,0,0
580,12560,0,0,0
581,23249,2,2,2
582,23125,2,2,2
583,11269,1,1,1
584,23033,2,2,2
585,641,2,1,1
586,5998,1,1,1
587,10768,0,0,0
588,22587,2,2,2
589,1240,0,0,0
590,23054,2,2,2
591,9729,0,0,0
592,22573,2,0,0
593,22871,2,2,2
594,2375,0,0,0
595,16846,2,0,0
596,22936,2,2,2
597,1928,0,0,0
598,18371,0,1,1
599,2152,1,2,2
600,5876,0,0,0
601,6122,0,0,0
602,8783,1,1,1
603,23242,2,0,0
604,289,0,0,0
605,4192,0,0,0
606,22823,2,2,2
607,5431,1,1,1
608,8564,1,1,1
609,8201,0,0,0
610,15533,1,1,1
611,22681,2,2,2
612,22833,2,2,2
613,9003,1,1,1
614,10233,0,0,0
615,9123,1,1,1
616,23450,2,2,2
617,6976,1,1,1
618,19429,1,1,1
619,991,0,2,2
620,251,1,0,0
621,615,1,2,2
622,9441,1,2,2
623,9287,1,0,0
624,23224,2,2,2
625,23192,2,0,0
626,22624,2,2,2
627,5584,1,1,1
628,8361,0,0,0
629,22701,2,2,2
630,23275,2,2,2
631,18131,0,0,0
632,23435,2,2,2
633,15411,1,1,1
634,23332,2,1,1
635,19120,0,1,1
636,4679,1,-1,-1
637,15073,0,0,0
638,22719,2,1,1
639,4118,0,2,2
640,23157,2,2,2
641,8209,0,2,2
642,23005,2,0,0
643,23470,2,2,2
644,9225,1,0,0
645,22643,2,2,2
646,16054,0,0,0
647,15012,0,2,2
648,1715,1,1,1
649,8578,0,1,1
650,13349,0,0,0
651,23508,2,2,2
652,11648,1,1,1
653,4311,0,0,0
654,17466,1,1,1
655,15734,0,1,1
656,7995,0,0,0
657,8657,0,0,0
658,19284,1,1,1
659,16245,0,2,2
660,638,1,1,1
661,23261,2,0,0
662,23244,2,2,2
663,5122,0,0,0
664,5488,0,0,0
665,18296,0,0,0
666,22703,2,2,2
667,23326,2,2,2
668,4930,0,0,0
669,8360,0,0,0
670,22891,2,2,2
671,23265,2,2,2
672,22562,2,2,2
673,16140,0,2,2
674,11285,0,0,0
675,6924,1,1,1
676,13247,2,1,1
677,14851,0,0,0
678,11765,1,1,1
679,22617,2,2,2
680,540,0,0,0
681,3145,0,0,0
682,23468,2,1,1
683,23301,2,2,2
684,3567,0,0,0
685,4031,0,2,2
686,10895,1,2,2
687,4765,1,1,1
688,4216,0,1,1
689,14749,0,0,0
690,16731,1,1,1
691,23482,2,0,0
692,3918,0,-1,-1
693,18227,1,1,1
694,22916,2,2,2
695,23302,2,2,2
696,23160,2,2,2
697,23499,2,2,2
698,11756,0,0,0
699,23252,2,2,2
700,19416,1,2,2
701,5648,0,0,0
702,23498,2,2,2
703,22854,2,2,2
704,23496,2,2,2
705,23321,2,0,0
706,7201,1,1,1
707,23259,2,2,2
708,752,0,2,2
709,12668,0,0,0
710,12861,1,0,0
711,3961,0,0,0
712,8142,1,1,1
713,2897,0,2,2
714,22592,2,1,1
715,14398,1,1,1
716,15465,1,0,0
717,12137,0,0,0
718,22889,2,2,2
719,23205,2,2,2
720,5377,2,1,1
721,23384,2,2,2
722,23500,2,2,2
723,2959,0,1,1
724,8106,0,0,0
725,5617,1,2,2
726,8886,1,0,0
727,1141,0,0,0
728,23027,2,2,2
729,148,0,0,0
730,23255,2,2,2
731,17743,0,1,1
732,23314,2,2,2
733,23091,2,2,2
734,23501,2,0,0
735,889,1,2,2
736,531,1,1,1
737,7005,0,2,2
738,23474,2,2,2
739,3767,0,0,0
740,23373,2,2,2
741,22848,2,2,2
742,11063,1,1,1
743,22809,2,2,2
744,6789,1,1,1
745,23127,2,-1,-1
746,23391,2,2,2
747,12679,1,1,1
748,4799,0,0,0
749,18604,0,0,0
750,14017,1,0,0
751,7532,1,1,1
752,10498,1,1,1
753,22973,2,2,2
754,22658,2,2,2
755,6890,0,2,2
756,23197,2,2,2
757,8745,0,0,0
758,841,1,1,1
759,8166,1,1,1
760,1566,0,2,2
761,6627,0,0,0
762,23437,2,2,2
763,23094,2,2,2
764,3422,1,1,1
765,6035,1,1,1
766,15733,1,1,1
767,3600,0,1,1
768,22699,2,2,2
769,10871,0,0,0
770,23476,2,2,2
771,22647,2,2,2
772,3545,1,1,1
773,1233,0,0,0
774,2347,0,2,2
775,4014,1,1,1
776,1221,0,0,0
777,23040,2,2,2
778,23042,2,2,2
779,15427,1,2,2
780,10011,1,0,0
781,23247,2,2,2
782,2004,1,1,1
783,11799,1,1,1
784,23173,2,2,2
785,22579,2,2,2
786,16024,1,1,1
787,22834,2,0,0
788,12484,0,0,0
789,22801,2,2,2
790,22899,2,2,2
791,22611,2,2,2
792,4507,0,2,2
793,23426,2,2,2
794,23250,2,0,0
795,5564,1,0,0
796,23457,2,1,1
797,23311,2,2,2
798,22731,2,2,2
799,4329,0,2,2
800,23360,2,2,2
801,15247,0,0,0
802,23491,2,2,2
803,8620,0,0,0
804,14618,1,0,0
805,22759,2,1,1
806,3134,1,1,1
807,22923,2,2,2
808,14396,1,2,2
809,4635,1,1,1
810,23080,2,2,2
811,16718,0,0,0
812,23061,2,2,2
813,7640,1,1,1
814,14804,0,0,0
815,23350,2,2,2
816,23159,2,2,2
817,23441,2,2,2
818,23021,2,2,2
819,23023,2,0,0
820,7644,1,0,0
821,22857,2,2,2
822,11760,1,1,1
823,18181,0,0,0
824,23316,2,2,2
825,10473,1,2,2
826,1462,1,1,1
827,22798,2,1,1
828,10542,1,2,2
829,23203,2,2,2
830,23291,2,2,2
831,8428,1,0,0
832,22565,2,2,2
833,7994,0,2,2
834,2048,0,0,0
835,18540,1,0,0
836,15084,0,0,0
837,1623,1,0,0
838,23277,2,2,2
839,19255,1,2,2
840,17305,0,0,0
841,15103,0,0,0
842,23003,2,2,2
843,10577,0,0,0
844,792,0,0,0
845,22555,2,2,2
846,15111,1,1,1
847,17166,1,1,1
848,23294,2,2,2
849,18602,0,0,0
850,327,0,1,1
851,5062,1,1,1
852,14991,0,0,0
853,9230,1,0,0
854,4732,0,0,0
855,23088,2,2,2
856,13715,0,2,2
857,3398,0,0,0
858,11603,0,0,0
859,23217,2,2,2
860,17271,0,2,2
861,5983,0,1,1
862,4885,0,1,1
863,18238,0,1,1
864,9064,0,0,0
865,6238,0,0,0
866,13533,0,0,0
867,23085,2,2,2
868,6068,0,0,0
869,23460,2,2,2
870,11238,1,1,1
871,13690,1,-1,-1
872,13375,0,0,0
873,23055,2,2,2
874,19119,0,1,1
875,16767,1,1,1
876,1075,0,0,0
877,2155,1,0,0
878,6896,1,2,2
879,12957,1,2,2
880,22909,2,2,2
881,1128,2,0,0
882,18628,1,0,0
883,23415,2,2,2
884,6246,1,1,1
885,10202,0,0,0
886,1453,1,1,1
887,3638,0,2,2
888,13163,0,1,1
889,13703,0,0,0
890,3981,0,0,0
891,6492,1,1,1
892,11302,0,0,0
893,22911,2,2,2
894,22979,2,-1,-1
895,4299,1,1,1
896,18488,1,1,1
897,529,0,2,2
898,7264,0,0,0
899,22679,2,0,0
900,18439,0,0,0
901,23369,2,2,2
902,14860,1,1,1
903,23096,2,2,2
904,9414,0,0,0
905,14923,0,1,1
906,19336,1,0,0
907,23494,2,2,2
908,23025,2,2,2
909,8440,1,1,1
910,18809,1,2,2
911,5869,1,0,0
912,8413,0,0,0
913,17097,0,0,0
914,22928,2,1,1
915,13183,0,0,0
916,23419,2,2,2
917,13032,1,1,1
918,17651,0,1,1
919,22618,2,2,2
920,22793,2,0,0
921,19169,1,2,2
922,9315,0,0,0
923,23024,2,2,2
924,15815,1,0,0
925,4587,0,2,2
926,22969,2,2,2
927,23147,2,2,2
928,22975,2,-1,-1
929,1567,1,2,2
930,6783,1,1,1
931,23469,2,1,1
932,22756,2,2,2
933,23434,2,2,2
934,11981,0,0,0
935,14807,0,0,0
936,2052,0,0,0
937,11936,0,0,0
938,3457,0,0,0
939,22951,2,2,2
940,22599,2,2,2
941,22674,2,-1,-1
942,9964,1,1,1
943,17943,1,0,0
944,8208,1,2,2
945,12121,1,1,1
946,3403,1,1,1
947,2330,0,0,0
948,23034,2,0,0
949,12843,0,0,0
950,15483,1,0,0
951,22766,2,2,2
952,6244,1,1,1
953,23502,2,2,2
954,22554,2,2,2
955,23324,2,2,2
956,22767,2,2,2
957,22656,2,2,2
958,14194,0,0,0
959,15615,1,1,1
960,15814,1,0,0
961,23442,2,0,0
962,11944,1,2,2
963,10872,1,1,1
964,3755,0,1,1
965,10235,0,0,0
966,8095,1,1,1
967,14979,1,0,0
968,12563,1,0,0
969,9679,0,0,0
970,19503,0,0,0
971,5888,1,1,1
972,10526,1,2,2
973,12117,0,0,0
974,22636,2,2,2
975,311,0,0,0
976,6295,0,0,0
977,22941,2,2,2
978,14424,1,0,0
979,14786,0,0,0
980,22935,2,2,2
981,10961,0,0,0
982,13178,1,0,0
983,22621,2,0,0
984,23010,2,2,2
985,14645,0,0,0
986,23352,2,2,2
987,22534,2,2,2
988,3507,0,1,1
989,10044,0,0,0
990,19352,0,0,0
991,1138,0,0,0
992,23181,2,2,2
993,9417,0,0,0
994,3548,0,0,0
995,6687,0,1,1
996,7119,1,1,1
997,16646,1,1,1
998,7447,0,0,0
999,6576,0,0,0
1000,23266,2,0,0
1001,11692,0,0,0
1002,23031,2,2,2
1003,12986,1,1,1
1004,13374,0,0,0
1005,19278,1,1,1
1006,17938,0,0,0
1007,7262,1,2,2
1008,16855,0,1,1
1009,23145,2,2,2
1010,23331,2,-1,-1
1011,12913,1,1,1
1012,8439,1,1,1
1013,3664,1,1,1
1014,15515,2,0,0
1015,15428,1,2,2
1016,2050,0,0,0
1017,8135,1,1,1
1018,5633,2,1,1
1019,17428,1,1,1
1020,18443,0,0,0
1021,22859,2,2,2
1022,22929,2,2,2
1023,23297,2,2,2
1024,23072,2,2,2
1025,550,1,2,2
1026,7312,1,1,1
1027,22858,2,2,2
1028,3405,1,1,1
1029,9266,0,0,0
1030,22585,2,2,2
1031,22631,2,2,2
1032,4568,1,1,1
1033,22922,2,2,2
1034,4706,0,0,0
1035,22826,2,2,2
1036,23151,2,2,2
1037,22819,2,2,2
1038,23254,2,0,0
1039,22572,2,2,2
1040,23390,2,2,2
1041,478,0,0,0
1042,3131,0,0,0
1043,6455,1,2,2
1044,1995,0,2,2
1045,3143,0,0,0
1046,3392,0,2,2
1047,61,0,0,0
1048,7395,0,0,0
1049,6714,1,1,1
1050,23394,2,0,0
1051,14300,1,0,0
1052,22597,2,2,2
1053,5079,1,1,1
1054,23137,2,2,2
1055,11059,0,0,0
1056,22874,2,2,2
1057,22896,2,2,2
1058,23223,2,0,0
1059,1899,1,1,1
1060,22822,2,2,2
1061,23358,2,2,2
1062,6559,1,2,2
1063,353,1,1,1
1064,16157,0,0,0
1065,23430,2,2,2
1066,10504,1,1,1
1067,22695,2,1,1
1068,19498,0,2,2
1069,22924,2,2,2
1070,18997,0,0,0
1071,23422,2,2,2
1072,9160,1,1,1
1073,23309,2,2,2
1074,22667,2,0,0
1075,22839,2,2,2
1076,23133,2,2,2
1077,13182,0,0,0
1078,22728,2,2,2
1079,23035,2,0,0
1080,9095,0,0,0
1081,3423,1,1,1
1082,8041,0,0,0
1083,3766,0,0,0
1084,22632,2,0,0
1085,22734,2,2,2
1086,22744,2,0,0
1087,14282,1,2,2
1088,22536,2,2,2
1089,14867,0,1,1
1090,9190,0,2,2
1091,6891,1,2,2
1092,7121,1,1,1
1093,13245,0,0,0
1094,8224,1,1,1
1095,12978,0,0,0
1096,4041,1,2,2
1097,23256,2,2,2
1098,18818,1,1,1
1099,23334,2,2,2
1100,11197,1,1,1
1101,9894,0,2,2
1102,5562,1,0,0
1103,23289,2,2,2
1104,8719,1,1,1
1105,12482,0,2,2
1106,12496,1,1,1
1107,11305,0,2,2
1108,18369,1,1,1
1109,22634,2,2,2
1110,18592,0,0,0
1111,22712,2,2,2
1112,10549,1,1,1
1113,17192,0,0,0
1114,1639,1,1,1
1115,12648,0,0,0
1116,7535,1,1,1
1117,23270,2,2,2
1118,14745,1,0,0
1119,17287,2,1,1
1120,22765,2,2,2
1121,22729,2,2,2
1122,23322,2,0,0
1123,5297,1,1,1
1124,2634,0,2,2
1125,9343,1,0,0
1126,13007,0,1,1
1127,15445,0,0,0
1128,16216,0,0,0
1129,22619,2,2,2
1130,14643,1,0,0
1131,23432,2,2,2
1132,23233,2,2,2
1133,14555,1,1,1
1134,10302,1,1,1
1135,11284,0,0,0
1136,22785,2,0,0
1137,4032,1,2,2
1138,7992,1,2,2
1139,23144,2,2,2
1140,22984,2,0,0
1141,19126,0,0,0
1142,22740,2,2,2
1143,23101,2,2,2
1144,13184,0,0,0
1145,22641,2,2,2
1146,23365,2,2,2
1147,14686,1,1,1
1148,22919,2,2,2
1149,23214,2,2,2
1150,22886,2,0,0
1151,22670,2,0,0
1152,12984,1,1,1
1153,4290,1,2,2
1154,23285,2,2,2
1155,3008,0,0,0
1156,19301,1,0,0
1157,11253,0,0,0
1158,22755,2,1,1
1159,1613,0,0,0
1160,8655,1,1,1
1161,18498,1,1,1
1162,15098,0,0,0
1163,18294,1,1,1
1164,15238,0,0,0
1165,12318,1,1,1
1166,3946,0,0,0
1167,8221,0,1,1
1168,3749,0,1,1
1169,10749,0,0,0
1170,15502,1,1,1
1171,23189,2,2,2
1172,6485,0,0,0
1173,16803,0,0,0
1174,1889,1,1,1
1175,14546,1,1,1
1176,4143,1,1,1
1177,10598,0,1,1
1178,22966,2,2,2
1179,22904,2,2,2
1180,22853,2,2,2
1181,75,1,1,1
1182,8144,1,1,1
1183,23128,2,2,2
1184,22815,2,2,2
1185,14849,1,1,1
1186,12290,1,1,1
1187,445,0,0,0
1188,23306,2,2,2
1189,9639,1,1,1
1190,23283,2,2,2
1191,23240,2,2,2
1192,19459,0,0,0
1193,22863,2,2,2
1194,13084,1,1,1
1195,11413,1,1,1
1196,22570,2,2,2
1197,17108,0,1,1
1198,18068,1,1,1
1199,16665,0,2,2
1200,22616,2,2,2
1201,3673,0,2,2
1202,15107,0,0,0
1203,8755,1,1,1
1204,4725,1,1,1
1205,23438,2,1,1
1206,6198,0,0,0
1207,19419,0,0,0
1208,930,1,1,1
1209,22589,2,2,2
1210,2415,1,0,0
1211,7147,1,0,0
1212,13686,0,0,0
1213,23284,2,2,2
1214,6144,1,0,0
1215,8437,1,1,1
1216,23464,2,2,2
1217,22739,2,2,2
1218,23377,2,2,2
1219,13772,0,0,0
1220,1891,1,2,2
1221,10078,0,0,0
1222,18972,0,1,1
1223,10449,1,0,0
1224,23038,2,2,2
1225,22741,2,2,2
1226,14105,0,0,0
1227,22553,2,2,2
1228,14289,1,1,1
1229,13414,1,1,1
1230,23142,2,2,2
1231,5000,1,1,1
1232,23411,2,2,2
1233,2144,1,0,0
1234,23059,2,0,0
1235,22992,2,0,0
1236,23307,2,2,2
1237,1746,0,0,0
1238,8314,0,0,0
1239,895,0,0,0
1240,11750,1,0,0
1241,7007,0,2,2
1242,14179,1,0,0
1243,23236,2,2,2
1244,22604,2,2,2
1245,22650,2,0,0
1246,22531,2,2,2
1247,23279,2,2,2
1248,9208,1,1,1
1249,13236,1,0,0
1250,12730,1,0,0
1251,23400,2,1,1
1252,4483,1,1,1
1253,23097,2,2,2
1254,23231,2,2,2
1255,19307,0,0,0
1256,23071,2,2,2
1257,2650,0,2,2
1258,9580,1,1,1
1259,7002,1,1,1
1260,1441,1,1,1
1261,6146,0,0,0
1262,14942,1,0,0
1263,22754,2,2,2
1264,23162,2,2,2
1265,5065,0,1,1
1266,4185,0,2,2
1267,5593,0,1,1
1268,5560,0,0,0
1269,22541,2,2,2
1270,10636,1,1,1
1271,6216,0,0,0
1272,23379,2,2,2
1273,23341,2,2,2
1274,23509,2,1,1
1275,15826,1,1,1
1276,23440,2,0,0
1277,4251,1,0,0
1278,3831,0,1,1
1279,23063,2,2,2
1280,12469,0,0,0
1281,14461,0,0,0
1282,19364,1,1,1
1283,4044,1,1,1
1284,22955,2,2,2
1285,22829,2,2,2
1286,727,1,1,1
1287,9262,0,2,2
1288,11062,0,0,0
1289,7292,0,0,0
1290,3078,1,1,1
1291,18030,1,2,2
1292,23504,2,2,2
1293,14718,0,0,0
1294,14125,1,2,2
1295,11724,1,0,0
1296,22808,2,2,2
1297,6711,1,1,1
1298,18129,1,0,0
1299,1624,1,0,0
1300,5286,1,1,1
1301,1641,1,1,1
1302,15992,1,1,1
1303,23459,2,2,2
1304,15599,0,1,1
1305,22559,2,2,2
1306,14968,1,1,1
1307,16752,1,0,0
1308,22764,2,2,2
1309,23209,2,2,2
1310,22814,2,2,2
1311,22749,2,2,2
1312,19244,1,1,1
1313,22571,2,2,2
1314,1461,0,2,2
1315,22615,2,0,0
1316,2852,0,0,0
1317,7566,0,-1,-1
1318,10810,1,1,1
1319,23505,2,2,2
1320,19346,0,1,1
1321,4375,0,0,0
1322,8348,0,0,0
1323,10866,0,0,0
1324,5914,1,1,1
1325,1901,1,1,1
1326,1020,0,0,0
1327,1154,1,-1,-1
1328,13447,0,2,2
1329,12316,0,2,2
1330,23357,2,2,2
1331,9416,1,0,0
1332,5044,1,2,2
1333,19302,1,0,0
1334,23479,2,2,2
1335,16514,0,1,1
1336,11464,0,0,0
1337,18757,1,1,1
1338,23330,2,1,1
1339,12704,0,0,0
1340,19084,1,1,1
1341,12703,0,0,0
1342,18570,1,0,0
1343,4193,1,1,1
1344,22972,2,2,2
1345,23182,2,2,2
1346,23516,2,2,2
1347,22954,2,2,2
1348,23001,2,2,2
1349,277,0,0,0
1350,23424,2,2,2
1351,4469,1,1,1
1352,18855,1,0,0
1353,22782,2,2,2
1354,23524,2,-1,-1
1355,10698,1,0,0
1356,10421,1,1,1
1357,14944,1,1,1
1358,22688,2,1,1
1359,15617,0,0,0
1360,13003,1,1,1
1361,4999,1,1,1
1362,15749,1,1,1
1363,23287,2,0,0
1364,8753,1,1,1
1365,8737,1,1,1
1366,6152,1,0,0
1367,23267,2,2,2
1368,22560,2,2,2
1369,9207,1,1,1
1370,11984,0,0,0
1371,18441,1,0,0
1372,22639,2,2,2
1373,23132,2,2,2
1374,1324,0,0,0
1375,8279,1,2,2
1376,16673,1,1,1
1377,15611,0,0,0
1378,23058,2,2,2
1379,11946,1,1,1
1380,16814,0,0,0
1381,23043,2,2,2
1382,23066,2,2,2
1383,9868,0,0,0
1384,23087,2,1,1
1385,15041,1,2,2
1386,23412,2,1,1
1387,23218,2,2,2
1388,9963,1,1,1
1389,8537,0,0,0
1390,22750,2,0,0
1391,23116,2,0,0
1392,23475,2,-1,-1
1393,8586,1,1,1
1394,22577,2,2,2
1395,17621,1,1,1
1396,22990,2,2,2
1397,3828,0,0,0
1398,16373,1,2,2
1399,10561,1,1,1
1400,2332,0,1,1
1401,18065,0,0,0
1402,22989,2,-1,-1
1403,13894,1,0,0
1404,17812,1,0,0
1405,22811,2,2,2
1406,8432,0,1,1
1407,7393,1,1,1
1408,22583,2,1,1
1409,1329,0,0,0
1410,22915,2,2,2
1411,22851,2,1,1
1412,22856,2,2,2
1413,12066,1,1,1
1414,1449,1,0,0
1415,3847,1,2,2
1416,22590,2,2,2
1417,23039,2,2,2
1418,16775,0,1,1
1419,23281,2,2,2
1420,13800,0,0,0
1421,3928,0,0,0
1422,3897,0,2,2
1423,4883,1,0,0
1424,22830,2,2,2
1425,501,1,1,1
1426,23363,2,2,2
1427,12207,2,0,0
1428,16138,0,0,0
1429,22698,2,2,2
1430,22898,2,2,2
1431,23487,2,2,2
1432,22716,2,2,2
1433,23453,2,1,1
1434,10777,0,0,0
1435,745,1,2,2
1436,22761,2,0,0
1437,1581,1,2,2
1438,10813,1,2,2
1439,3509,1,2,2
1440,23065,2,2,2
1441,4983,1,1,1
1442,1564,1,2,2
1443,872,1,1,1
1444,1460,0,0,0
1445,16587,1,1,1
1446,1869,1,0,0
1447,7531,1,1,1
1448,19118,0,1,1
1449,23176,2,0,0
1450,16928,2,2,2
1451,11331,1,1,1
1452,23211,2,2,2
1453,3844,1,2,2
1454,3300,1,1,1
1455,10093,0,0,0
1456,23057,2,2,2
1457,12760,1,1,1
1458,17633,0,0,0
1459,19214,1,0,0
1460,1238,0,2,2
1461,11085,1,2,2
1462,2046,0,0,0
1463,8125,1,1,1
1464,2619,1,2,2
1465,2682,0,0,0
1466,23081,2,2,2
1467,17009,1,1,1
1468,22677,2,2,2
1469,9899,0,0,0
1470,14659,0,2,2
1471,17941,1,1,1
1472,23135,2,2,2
1473,22925,2,2,2
1474,23433,2,0,0
1475,6839,0,1,1
1476,9312,1,1,1
1477,6288,0,1,1
1478,11763,2,0,0
1479,18015,0,1,1
1480,23012,2,1,1
1481,3089,1,1,1
1482,22762,2,2,2
1483,4613,1,0,0
1484,22962,2,2,2
1485,18970,0,0,0
1486,1026,0,1,1
1487,1231,1,2,2
1488,18992,0,2,2
1489,22526,2,2,2
1490,22566,2,2,2
1491,47,0,0,0
1492,23477,2,2,2
1493,9023,1,1,1
1494,10865,0,0,0
1495,7621,0,0,0
1496,310,0,0,0
1497,11209,1,1,1
1498,16401,0,2,2
1499,3085,1,1,1
1500,2343,1,1,1
1501,11116,0,0,0
1502,929,1,1,1
1503,5186,0,0,0
1504,15506,0,2,2
1505,22689,2,2,2
1506,10733,0,0,0
1507,8103,0,0,0
1508,3825,0,0,0
1509,13731,0,0,0
1510,9866,0,0,0
1511,17723,1,1,1
1512,22912,2,1,1
1513,17359,0,0,0
1514,17426,1,1,1
1515,13727,1,0,0
1516,14369,0,0,0
1517,23177,2,0,0
1518,2312,0,0,0
1519,19392,1,2,2
1520,15101,1,1,1
1521,22784,2,2,2
1522,15829,1,1,1
1523,10547,1,0,0
1524,23115,2,2,2
1525,4322,1,0,0
1526,2855,0,0,0
1527,12681,1,1,1
1528,22776,2,2,2
1529,22794,2,2,2
1530,23315,2,2,2
1531,22651,2,2,2
1532,22847,2,2,2
1533,12179,1,2,2
1534,23346,2,2,2
1535,15172,1,2,2
1536,6696,0,0,0
1537,10981,1,-1,-1
1538,4746,1,1,1
1539,107,1,1,1
1540,17182,1,2,2
1541,19024,1,2,2
1542,14014,0,1,1
1543,23376,2,2,2
1544,3383,0,0,0
1545,22530,2,2,2
1546,23102,2,-1,-1
1547,14750,0,0,0
1548,18965,0,0,0
1549,22892,2,2,2
1550,14211,1,0,0
1551,12682,1,1,1
1552,249,0,1,1
1553,16159,1,1,1
1554,14536,1,1,1
1555,12537,0,0,0
1556,10730,1,2,2
1557,16684,0,0,0
1558,15031,0,0,0
1559,23148,2,2,2
1560,23511,2,2,2
1561,23185,2,-1,-1
1562,402,1,1,1
1563,16765,1,2,2
1564,10068,0,0,0
1565,22976,2,2,2
1566,2426,0,0,0
1567,22563,2,2,2
1568,11211,1,1,1
1569,23212,2,2,2
1570,23114,2,0,0
1571,15514,0,0,0
1572,16600,0,0,0
1573,7910,1,1,1
1574,2117,1,1,1
1575,22552,2,2,2
1576,10340,1,1,1
1577,2151,0,2,2
1578,23111,2,2,2
1579,2887,0,1,1
1580,8172,1,1,1
1581,23163,2,2,2
1582,10106,1,0,0
1583,2077,1,1,1
1584,6581,1,1,1
1585,2992,0,1,1
1586,22796,2,2,2
1587,6141,0,0,0
1588,23305,2,2,2
1589,1126,1,1,1
1590,19490,1,1,1
1591,22737,2,0,0
1592,22872,2,0,0
1593,22550,2,2,2
1594,3602,0,1,1
1595,3654,1,1,1
1596,22709,2,2,2
1597,22684,2,2,2
1598,7724,1,1,1
1599,3764,1,2,2
1600,6482,1,2,2
1601,2377,1,0,0
1602,22544,2,2,2
1603,14574,1,1,1
1604,22958,2,2,2
1605,17790,0,0,0
1606,4600,1,0,0
1607,6464,0,0,0
1608,298,0,0,0
1609,10142,0,1,1
1610,3582,0,0,0
1611,2122,0,1,1
1612,10869,1,0,0
1613,19070,0,0,0
1614,22877,2,2,2
1615,16733,1,1,1
1616,22727,2,0,0
1617,23098,2,2,2
1618,14060,0,0,0
1619,5871,0,0,0
1620,5087,0,0,0
1621,7952,1,0,0
1622,5862,0,0,0
1623,23200,2,2,2
1624,17246,0,0,0
1625,14436,0,0,0
1626,4708,0,0,0
1627,376,0,0,0
1628,2125,0,0,0
1629,22628,2,2,2
1630,22625,2,2,2
1631,19285,1,1,1
1632,23113,2,1,1
1633,4615,0,1,1
1634,2418,1,1,1
1635,15503,1,0,0
1636,23130,2,2,2
1637,942,0,0,0
1638,16644,1,1,1
1639,3648,1,2,2
1640,16516,0,0,0
1641,10304,0,2,2
1642,22532,2,0,0
1643,22769,2,2,2
1644,5548,0,0,0
1645,3641,0,0,0
1646,11831,0,0,0
1647,3921,1,1,1
1648,22595,2,2,2
1649,23404,2,2,2
1650,22986,2,2,2
1651,22773,2,1,1
1652,13488,1,2,2
1653,23292,2,2,2
1654,22586,2,0,0
1655,17866,1,1,1
1656,2493,0,0,0
1657,5077,1,2,2
1658,17169,1,1,1
1659,23374,2,2,2
1660,22938,2,1,1
1661,23458,2,0,0
1662,6066,0,0,0
1663,13167,1,0,0
1664,18362,0,1,1
1665,3553,0,0,0
1666,4223,0,1,1
1667,23186,2,2,2
1668,23517,2,2,2
1669,22528,2,2,2
1670,23079,2,0,0
1671,3758,0,0,0
1672,11378,0,1,1
1673,13490,0,2,2
1674,13480,0,0,0
1675,23348,2,2,2
1676,23395,2,2,2
1677,11601,1,0,0
1678,22691,2,2,2
1679,23106,2,0,0
1680,22697,2,2,2
1681,6020,0,0,0
1682,101,0,0,0
1683,4925,1,1,1
1684,22789,2,2,2
1685,14747,0,0,0
1686,9096,0,0,0
1687,15935,1,1,1
1688,17317,1,1,1
1689,15032,0,0,0
1690,10211,1,1,1
1691,22646,2,0,0
1692,15955,0,0,0
1693,14071,1,0,0
1694,11835,0,0,0
1695,5530,0,0,0
1696,22613,2,0,0
1697,788,1,1,1
1698,17865,0,0,0
1699,17338,0,2,2
1700,22837,2,2,2
1701,19105,1,0,0
1702,1204,1,1,1
1703,18222,0,0,0
1704,23345,2,0,0
1705,12039,1,0,0
1706,2235,1,1,1
1707,7702,1,1,1
1708,22783,2,2,2
1709,22927,2,2,2
1710,1498,0,0,0
1711,16663,0,1,1
1712,3989,0,0,0
1713,23164,2,2,2
1714,14707,0,1,1
1715,5474,1,1,1
1716,8150,0,1,1
1717,6214,0,0,0
1718,16735,1,1,1
1719,10517,1,1,1
1720,17092,0,0,0
1721,23068,2,2,2
1722,1871,1,1,1
1723,8033,1,1,1
1724,23506,2,2,2
1725,19460,0,0,0
1726,23149,2,2,2
1727,22629,2,2,2
1728,424,0,1,1
1729,18512,1,1,1
1730,23328,2,2,2
1731,5911,0,0,0
1732,14640,0,0,0
1733,22760,2,2,2
1734,13629,1,1,1
1735,10171,2,2,2
1736,13004,1,1,1
1737,10244,1,1,1
1738,22669,2,0,0
1739,23260,2,0,0
1740,11352,1,0,0
1741,23312,2,2,2
1742,1119,0,0,0
1743,4797,0,-1,-1
1744,14134,2,1,1
1745,22781,2,2,2
1746,23017,2,2,2
1747,23222,2,2,2
1748,2174,1,1,1
1749,17444,0,0,0
1750,15603,0,0,0
1751,3015,1,1,1
1752,10162,0,0,0
1753,23172,2,2,2
1754,16276,1,1,1
1755,17430,0,0,0
1756,18348,0,2,2
1757,22860,2,2,2
1758,23431,2,2,2
1759,15954,1,2,2
1760,7352,0,0,0
1761,10680,1,1,1
1762,17959,0,1,1
1763,10976,0,0,0
1764,4660,1,0,0
1765,11568,1,1,1
1766,23138,2,2,2
1767,9523,1,1,1
1768,14364,1,1,1
1769,9289,0,0,0
1770,23229,2,0,0
1771,11749,0,0,0
1772,2883,0,0,0
1773,15535,0,2,2
1774,23184,2,2,2
1775,19305,1,0,0
1776,11240,2,0,0
1777,22678,2,1,1
1778,15596,1,1,1
1779,8183,1,1,1
1780,22787,2,2,2
1781,22803,2,2,2
1782,8359,0,0,0
1783,13507,0,0,0
1784,16325,0,0,0
1785,22608,2,2,2
1786,22948,2,2,2
1787,8964,0,1,1
1788,23327,2,2,2
1789,11617,1,0,0
1790,2679,0,0,0
1791,18901,1,1,1
1792,22818,2,1,1
1793,22933,2,2,2
1794,8202,0,0,0
1795,22870,2,2,2
1796,23295,2,2,2
1797,30,0,0,0
1798,7310,1,2,2
1799,19107,0,0,0
1800,17178,0,2,2
1801,791,0,0,0
1802,12731,0,0,0
1803,12045,0,0,0
1804,11491,1,2,2
1805,5874,0,0,0
1806,22567,2,1,1
1807,22999,2,2,2
1808,23507,2,2,2
1809,5219,1,0,0
1810,16720,1,0,0
1811,23037,2,2,2
1812,8799,0,0,0
1813,22644,2,2,2
1814,9873,0,0,0
1815,15832,1,0,0
1816,19171,1,1,1
1817,18099,0,0,0
1818,200,0,0,0
1819,16987,0,0,0
1820,7582,0,0,0
1821,377,0,0,0
1822,15990,1,0,0
1823,13601,0,2,2
1824,17053,1,0,0
1825,5747,0,0,0
1826,17528,1,1,1
1827,4137,0,2,2
1828,15199,1,1,1
1829,23428,2,2,2
1830,14538,1,1,1
1831,22753,2,2,2
1832,6154,0,0,0
1833,18731,0,0,0
1834,19494,0,2,2
1835,10147,1,2,2
1836,10959,1,1,1
1837,2495,1,0,0
1838,6626,0,0,0
1839,22817,2,1,1
1840,16371,1,1,1
1841,4206,1,1,1
1842,462,0,2,2
1843,3117,0,0,0
1844,14459,0,0,0
1845,23519,2,2,2
1846,13620,1,1,1
1847,23304,2,1,1
1848,22779,2,0,0
1849,15951,1,1,1
1850,12046,0,0,0
1851,2364,0,0,0
1852,22921,2,2,2
1853,22733,2,2,2
1854,23366,2,2,2
1855,6676,0,0,0
1856,22792,2,2,2
1857,22791,2,2,2
1858,23123,2,2,2
1859,4023,1,1,1
1860,14713,0,0,0
1861,6063,0,0,0
1862,10809,0,0,0
1863,23195,2,2,2
1864,14617,1,1,1
1865,13209,0,0,0
1866,16675,1,1,1
1867,6538,0,1,1
1868,37,1,1,1
1869,22882,2,2,2
1870,9223,0,0,0
1871,22786,2,2,2
1872,18471,1,0,0
1873,411,1,1,1
1874,14371,1,1,1
1875,22902,2,0,0
1876,23493,2,2,2
1877,19421,0,0,0
1878,23120,2,2,2
1879,11872,1,2,2
1880,19505,1,0,0
1881,23408,2,2,2
1882,15393,1,1,1
1883,14122,1,1,1
1884,5931,0,0,0
1885,18919,1,1,1
1886,12339,1,0,0
1887,8153,0,0,0
1888,13028,0,0,0
1889,1152,1,0,0
1890,3964,1,0,0
1891,17393,1,1,1
1892,23521,2,0,0
1893,22683,2,1,1
1894,7122,1,1,1
1895,13868,1,0,0
1896,23303,2,2,2
1897,11396,1,2,2
1898,771,1,2,2
1899,4692,1,0,0
1900,18474,0,0,0
1901,3474,0,0,0
1902,23029,2,2,2
1903,8939,0,0,0
1904,14135,2,1,1
1905,17311,1,1,1
1906,22549,2,2,2
1907,15197,1,1,1
1908,17189,0,0,0
1909,17630,0,0,0
1910,6493,0,1,1
1911,11803,1,1,1
1912,22825,2,2,2
1913,4326,0,2,2
1914,12133,0,0,0
1915,16625,0,0,0
1916,12692,0,1,1
1917,4033,0,2,2
1918,15028,0,0,0
1919,23483,2,2,2
1920,11190,0,0,0
1921,1107,0,1,1
1922,13944,0,0,0
1923,22993,2,2,2
1924,22626,2,2,2
1925,5268,0,0,0
1926,13657,1,1,1
1927,22770,2,2,2
1928,12342,1,0,0
1929,274,0,0,0
1930,7642,0,0,0
1931,23300,2,2,2
1932,4813,1,1,1
1933,12245,1,1,1
1934,22580,2,2,2
1935,17173,2,0,0
1936,14121,2,0,0
1937,12695,1,2,2
1938,23062,2,2,2
1939,22718,2,2,2
1940,16693,0,2,2
1941,9818,0,0,0
1942,657,0,0,0
1943,22745,2,2,2
1944,19044,0,0,0
1945,1109,1,1,1
1946,22666,2,0,0
1947,1880,1,-1,-1
1948,18225,0,1,1
1949,23489,2,0,0
1950,22894,2,2,2
1951,8651,1,0,0
1952,1774,1,1,1
1953,7537,1,2,2
1954,1735,0,2,2
1955,2696,0,0,0
1956,9636,0,1,1
1957,23044,2,2,2
1958,18363,1,1,1
1959,15002,1,0,0
1960,3556,1,0,0
1961,14303,0,0,0
1962,11399,1,1,1
1963,4974,0,1,1
1964,5043,1,1,1
1965,17094,0,2,2
1966,12435,1,0,0
1967,23296,2,2,2
1968,14445,0,0,0
1969,22981,2,2,2
1970,22907,2,2,2
1971,6535,0,0,0
1972,18102,2,2,2
1973,11646,1,0,0
1974,13336,0,0,0
1975,12336,0,0,0
1976,22614,2,2,2
1977,6389,1,1,1
1978,5976,1,1,1
1979,71,0,0,0
1980,23473,2,2,2
1981,15123,0,0,0
1982,16361,0,0,0
1983,3080,1,1,1
1984,23158,2,2,2
1985,23356,2,2,2
1986,1408,2,0,0
1987,13237,2,2,2
1988,10292,0,0,0
1989,23235,2,2,2
1990,22568,2,2,2
1991,13438,0,0,0
1992,23064,2,2,2
1993,8276,0,1,1
1994,33,2,0,0
1995,10085,1,2,2
1996,15014,1,1,1
1997,2032,0,0,0
1998,17036,0,0,0
1999,22652,2,2,2
2000,23402,2,2,2
2001,11492,1,2,2
2002,16634,0,2,2
2003,22623,2,2,2
2004,7372,1,-1,-1
2005,23273,2,0,0
2006,3674,0,2,2
2007,22757,2,2,2
2008,5442,1,1,1
2009,10570,0,0,0
2010,17139,0,0,0
2011,288,0,0,0
2012,22930,2,2,2
2013,18882,0,0,0
2014,15996,1,0,0
2015,5027,1,2,2
2016,23129,2,2,2
2017,22978,2,2,2
2018,22900,2,2,2
2019,7612,0,2,2
2020,8748,0,0,0
2021,5320,1,1,1
2022,3741,1,0,0
2023,22998,2,2,2
2024,23367,2,2,2
2025,4296,1,2,2
2026,1025,1,2,2
2027,8622,0,1,1
2028,19247,1,1,1
2029,15145,1,1,1
2030,17111,1,0,0
2031,23052,2,0,0
2032,2016,0,1,1
2033,6970,1,1,1
2034,16728,0,2,2
2035,2333,0,1,1
2036,22609,2,2,2
2037,15751,0,0,0
2038,1713,1,2,2
2039,22584,2,2,2
2040,8035,1,2,2
2041,15245,0,0,0
2042,10807,1,2,2
2043,23078,2,2,2
2044,5236,0,0,0
2045,16597,0,1,1
2046,9021,0,2,2
2047,22574,2,0,0
2048,9317,0,0,0
2049,6793,1,0,0
2050,5444,1,0,0
2051,23103,2,2,2
2052,22897,2,2,2
2053,23418,2,2,2
2054,13338,1,1,1
2055,23427,2,0,0
2056,14845,0,2,2
2057,23187,2,2,2
2058,22723,2,2,2
2059,23272,2,2,2
2060,6991,0,0,0
2061,6928,0,0,0
2062,1816,1,1,1
2063,51,0,0,0
2064,22612,2,2,2
2065,11499,0,0,0
2066,23269,2,2,2
2067,23219,2,2,2
2068,10374,0,2,2
2069,16558,0,0,0
2070,23239,2,2,2
2071,22660,2,2,2
2072,4928,1,2,2
2073,22663,2,2,2
2074,22721,2,2,2
2075,17269,0,0,0
2076,23298,2,0,0
2077,10814,1,1,1
2078,22700,2,2,2
2079,23323,2,1,1
2080,13743,0,0,0
2081,10664,0,0,0
2082,23514,2,2,2
2083,23383,2,0,0
2084,10492,1,1,1
2085,18853,1,1,1
2086,23276,2,2,2
2087,23262,2,2,2
2088,1322,1,0,0
2089,13504,1,2,2
2090,483,1,1,1
2091,7008,0,2,2
2092,4516,0,0,0
2093,16875,0,0,0
2094,14910,0,0,0
2095,6280,0,0,0
2096,4294,0,0,0
2097,4743,1,0,0
2098,22828,2,2,2
2099,12515,0,0,0
2100,19492,1,0,0
2101,7848,0,0,0
2102,8757,1,1,1
2103,5115,0,0,0
2104,11476,0,0,0
2105,4442,1,1,1
2106,23165,2,2,2
2107,23313,2,0,0
2108,22831,2,2,2
2109,22738,2,1,1
2110,10186,1,1,1
2111,22895,2,0,0
2112,8136,1,1,1
2113,23234,2,2,2
2114,23463,2,2,2
2115,409,1,1,1
2116,22987,2,2,2
2117,17716,1,1,1
2118,22959,2,2,2
2119,4105,0,1,1
2120,22893,2,2,2
2121,3480,0,0,0
2122,22968,2,2,2
2123,6286,0,0,0
2124,9545,1,1,1
2125,11350,1,0,0
2126,16878,0,1,1
2127,14783,1,2,2
2128,22772,2,2,2
2129,23086,2,2,2
2130,2173,1,1,1
2131,22947,2,2,2
2132,17705,0,0,0
2133,17638,0,0,0
2134,7918,0,0,0
2135,14044,1,1,1
2136,22649,2,2,2
2137,22827,2,1,1
2138,23028,2,1,1
2139,23308,2,2,2
2140,22946,2,2,2
2141,3830,0,0,0
2142,17969,0,1,1
2143,3656,0,0,0
2144,22816,2,2,2
2145,18949,1,2,2
2146,15447,0,0,0
2147,23510,2,2,2
2148,3570,0,0,0
2149,23293,2,2,2
2150,6038,1,1,1
2151,12135,0,0,0
2152,22771,2,1,1
2153,11599,1,1,1
2154,23280,2,0,0
2155,22855,2,2,2
2156,23257,2,2,2
2157,4165,1,0,0
2158,9153,0,0,0
2159,8584,0,0,0
2160,17927,1,1,1
2161,11362,1,1,1
2162,22953,2,2,2
2163,17719,0,0,0
2164,23381,2,1,1
2165,532,1,1,1
2166,3380,0,0,0
2167,22645,2,-1,-1
2168,22821,2,0,0
2169,12069,1,1,1
2170,19328,0,0,0
2171,22748,2,2,2
2172,23051,2,2,2
2173,13038,0,0,0
2174,5060,0,0,0
2175,18847,1,1,1
2176,1930,1,1,1
2177,9126,1,1,1
2178,11118,0,0,0
2179,22995,2,2,2
2180,14623,0,0,0
2181,12670,0,0,0
2182,18819,1,1,1
2183,22944,2,0,0
2184,2867,0,0,0
2185,8617,1,2,2
2186,22838,2,2,2
2187,19188,0,0,0
2188,1521,1,1,1
2189,23225,2,0,0
2190,15613,0,0,0
2191,633,0,0,0
2192,23215,2,2,2
2193,14716,1,0,0
2194,15232,0,0,0
2195,22564,2,2,2
2196,23174,2,2,2
2197,22939,2,2,2
2198,14208,0,0,0
2199,22605,2,0,0
2200,22841,2,2,2
2201,14558,1,1,1
2202,3646,1,0,0
2203,16556,1,1,1
2204,16403,1,1,1
2205,5057,0,0,0
2206,5485,0,1,1
2207,18542,1,0,0
2208,5870,1,0,0
2209,22931,2,2,2
2210,22743,2,0,0
2211,22578,2,2,2
2212,9901,0,0,0
2213,3948,1,1,1
2214,559,0,0,0
2215,1750,1,0,0
2216,16536,1,0,0
2217,23414,2,2,2
2218,11088,0,0,0
2219,4272,0,1,1
2220,22664,2,0,0
2221,23167,2,2,2
2222,9698,1,1,1
2223,7450,1,1,1
2224,23425,2,1,1
2225,3490,0,0,0
2226,19316,0,0,0
2227,725,1,1,1
2228,12910,1,0,0
2229,22591,2,2,2
2230,17248,1,1,1
2231,994,0,0,0
2232,17360,1,1,1
2233,10979,0,0,0
2234,2417,1,1,1
2235,23310,2,0,0
2236,17326,2,0,0
2237,5901,1,1,1
2238,11948,1,1,1
2239,22702,2,2,2
2240,15912,1,1,1
2241,12205,1,0,0
2242,18761,0,0,0
2243,23036,2,2,2
2244,768,1,1,1
2245,23045,2,2,2
2246,477,0,-1,-1
2247,13692,0,0,0
2248,6453,0,2,2
2249,18451,0,2,2
2250,14533,0,1,1
2251,12603,1,-1,-1
2252,14789,1,2,2
2253,17944,1,1,1
2254,4684,1,2,2
2255,15994,1,0,0
2256,23481,2,2,2
2257,23416,2,2,2
2258,14377,0,0,0
2259,8516,0,1,1
2260,7391,0,0,0
2261,18241,1,1,1
2262,15670,0,0,0
2263,9520,1,1,1
2264,2002,1,-1,-1
2265,22620,2,2,2
2266,8346,1,0,0
2267,18246,1,1,1
2268,22926,2,1,1
2269,23169,2,2,2
2270,23134,2,1,1
2271,10312,1,1,1
2272,13083,1,1,1
2273,23372,2,2,2
2274,12355,1,1,1
2275,23047,2,2,2
2276,1702,1,0,0
2277,22607,2,2,2
2278,22861,2,2,2
2279,16791,0,0,0
2280,2075,0,1,1
2281,22635,2,2,2
2282,9151,0,0,0
2283,22850,2,0,0
2284,3952,0,0,0
2285,15766,0,0,0
2286,12020,0,0,0
2287,23462,2,0,0
2288,22805,2,2,2
2289,5197,0,2,2
2290,23282,2,2,2
2291,22675,2,2,2
2292,22963,2,0,0
2293,22867,2,2,2
2294,16358,0,0,0
2295,11869,1,1,1
2296,22713,2,2,2
2297,23385,2,0,0
2298,23073,2,2,2
2299,22708,2,2,2
2300,23392,2,2,2
2301,10385,0,0,0
2302,11726,1,0,0
2303,3734,0,0,0
2304,6120,0,0,0
2305,2879,0,2,2
2306,23007,2,2,2
2307,13459,1,1,1
2308,23178,2,1,1
2309,23022,2,1,1
2310,13146,1,2,2
2311,22957,2,2,2
2312,23405,2,2,2
2313,14406,0,1,1
2314,22970,2,2,2
2315,23117,2,1,1
2316,2344,1,1,1
2317,22696,2,2,2
2318,11572,1,1,1
2319,22717,2,2,2
2320,11173,1,1,1
2321,839,1,2,2
2322,17995,1,1,1
2323,17008,1,1,1
2324,22694,2,1,1
2325,16682,0,0,0
2326,2109,1,1,1
2327,22873,2,2,2
2328,6717,0,0,0
2329,9328,1,1,1
2330,22706,2,2,2
2331,23467,2,2,2
2332,22879,2,0,0
2333,10052,1,1,1
2334,2136,1,1,1
2335,10960,0,0,0
2336,2162,0,1,1
2337,8179,1,2,2
2338,12656,0,0,0
2339,8706,0,0,0
2340,6303,0,0,0
2341,16538,1,-1,-1
2342,9129,0,0,0
2343,23512,2,2,2
2344,17188,0,1,1
2345,1172,0,0,0
2346,16077,0,0,0
2347,16880,0,1,1
2348,5767,1,1,1
2349,2341,0,0,0
2350,23456,2,2,2
2351,16934,0,0,0
2352,17168,1,1,1
2353,1255,1,1,1
2354,5112,0,2,2
2355,15527,0,2,2
2356,23077,2,2,2
2357,23216,2,2,2
2358,13238,2,0,0
2359,11693,1,0,0
2360,7388,0,0,0
2361,23067,2,2,2
2362,23161,2,2,2
2363,520,1,0,0
2364,22888,2,2,2
2365,13171,1,1,1
2366,12600,1,1,1
2367,783,0,0,0
2368,23050,2,0,0
2369,13314,0,0,0
2370,13687,0,0,0
2371,7483,1,2,2
2372,22676,2,2,2
2373,14367,0,1,1
2374,22956,2,2,2
2375,3377,1,0,0
2376,6065,0,0,0
2377,22596,2,2,2
2378,17043,1,0,0
2379,7396,1,1,1
2380,23009,2,2,2
2381,8721,1,1,1
2382,22593,2,2,2
2383,4017,1,1,1
2384,23082,2,2,2
2385,7346,1,2,2
2386,18063,0,1,1
2387,17745,1,1,1
2388,760,0,0,0
2389,8937,1,1,1
2390,22918,2,2,2
2391,8038,1,0,0
2392,14844,0,0,0
2393,10704,0,0,0
2394,23207,2,0,0
2395,22637,2,2,2
2396,23146,2,1,1
2397,22774,2,2,2
2398,9591,1,1,1
2399,18770,0,0,0
2400,13583,0,0,0
2401,23136,2,2,2
2402,23344,2,2,2
2403,19338,1,1,1
2404,22799,2,1,1
2405,15440,0,0,0
2406,13169,0,0,0
2407,12879,1,1,1
2408,1003,0,2,2
2409,23513,2,2,2
2410,23393,2,0,0
2411,22533,2,2,2
2412,19279,1,1,1
2413,23084,2,2,2
2414,7318,1,1,1
2415,16512,0,0,0
2416,22686,2,2,2
2417,22932,2,2,2
2418,11381,2,2,2
2419,22575,2,0,0
2420,1004,1,1,1
2421,9447,0,0,0
2422,23461,2,2,2
2423,9605,0,1,1
2424,733,1,1,1
2425,18372,1,1,1
2426,12081,0,0,0
2427,23202,2,2,2
2428,23083,2,2,2
2429,22671,2,0,0
2430,1921,1,1,1
2431,5631,1,1,1
2432,11048,0,0,0
2433,23143,2,2,2
2434,22662,2,2,2
2435,12262,1,0,0
2436,22543,2,2,2
2437,1672,0,0,0
2438,6541,1,0,0
2439,7569,0,0,0
2440,15543,0,1,1
2441,5244,1,1,1
2442,631,0,0,0
2443,19216,0,1,1
2444,388,0,1,1
2445,13411,1,1,1
2446,3588,0,1,1
2447,11877,0,1,1
2448,6967,1,1,1
2449,23495,2,2,2
2450,17627,1,1,1
2451,22866,2,1,1
2452,3855,1,2,2
2453,22557,2,-1,-1
2454,13448,2,1,1
2455,533,1,1,1
2456,11747,1,0,0
2457,23166,2,2,2
2458,23048,2,2,2
2459,7579,1,2,2
2460,22752,2,2,2
2461,10545,1,0,0
2462,7350,0,0,0
2463,870,1,1,1
2464,12370,0,0,0
2465,9486,1,1,1
2466,12508,0,0,0
2467,276,0,0,0
2468,23449,2,2,2
2469,23417,2,1,1
2470,22802,2,2,2
2471,23436,2,2,2
2472,5117,0,0,0
2473,22768,2,0,0
2474,17453,0,0,0
2475,17213,1,0,0
2476,22887,2,0,0
2477,2157,1,1,1
2478,7529,1,2,2
2479,23264,2,2,2
2480,15510,0,0,0
2481,23448,2,2,2
2482,23032,2,2,2
2483,18018,0,0,0
2484,6599,0,0,0
2485,2869,1,1,1
2486,23126,2,2,2
2487,23388,2,2,2
2488,22535,2,2,2
2489,798,1,1,1
2490,22622,2,0,0
2491,11068,0,0,0
2492,10246,1,0,0
2493,9176,1,0,0
2494,23180,2,2,2
2495,22726,2,2,2
2496,2068,1,-1,-1
2497,14619,0,0,0
2498,23410,2,2,2
2499,10289,0,1,1
2500,3463,0,0,0
2501,2334,1,1,1
2502,22668,2,2,2
2503,925,0,0,0
2504,12201,1,1,1
2505,23221,2,2,2
2506,23093,2,2,2
2507,17809,0,-1,-1
2508,10897,0,1,1
2509,22961,2,2,2
2510,2697,0,0,0
2511,13154,0,0,0
2512,3483,0,0,0
2513,9968,1,0,0
2514,23515,2,2,2
2515,23118,2,2,2
2516,5557,0,0,0
2517,23204,2,2,2
2518,12027,0,0,0
2519,15104,0,0,0
2520,13879,0,2,2
2521,23053,2,2,2
2522,17693,1,0,0
2523,9338,1,1,1
2524,6787,0,0,0
2525,6841,0,2,2
2526,3908,0,0,0
2527,1531,0,0,0
2528,3394,0,2,2
2529,14988,1,1,1
2530,22862,2,2,2
2531,5289,2,2,2
2532,11504,1,1,1
2533,23000,2,2,2
2534,23370,2,2,2
2535,19097,1,1,1
2536,16247,1,1,1
2537,2107,0,1,1
2538,22849,2,2,2
2539,23387,2,2,2
2540,5313,1,1,1
2541,19330,0,0,0
2542,23124,2,0,0
2543,13899,1,0,0
2544,15222,1,1,1
2545,23263,2,2,2
2546,22685,2,2,2
2547,3626,0,0,0
2548,9320,1,1,1
2549,17285,0,2,2
2550,8169,0,1,1
2551,11066,1,1,1
2552,12766,0,0,0
2553,3672,1,-1,-1
2554,23317,2,2,2
2555,13362,0,0,0
2556,15864,1,1,1
2557,16821,0,0,0
2558,19481,0,0,0
2559,11030,1,1,1
2560,22780,2,2,2
2561,15051,0,-1,-1
2562,23465,2,2,2
2563,12767,0,0,0
2564,23119,2,2,2
2565,17074,0,1,1
2566,23353,2,2,2
2567,22657,2,2,2
2568,10090,1,2,2
2569,14376,1,0,0
2570,2601,0,0,0
2571,22715,2,2,2
2572,22790,2,1,1
2573,22806,2,2,2
2574,6025,0,1,1
2575,14166,0,0,0
2576,16326,0,0,0
2577,11959,0,0,0
2578,22840,2,2,2
2579,1801,0,0,0
2580,6023,1,0,0
2581,17380,0,2,2
2582,3206,1,0,0
2583,6060,1,1,1
2584,6381,0,2,2
2585,22832,2,2,2
2586,22601,2,2,2
2587,800,0,0,0
2588,1805,0,0,0
2589,17180,0,2,2
2590,11734,1,2,2
2591,7921,0,0,0
2592,22598,2,2,2
2593,23503,2,0,0
2594,23278,2,2,2
2595,16428,1,1,1
2596,22600,2,2,2
2597,8096,1,1,1
2598,10103,0,0,0
2599,23351,2,2,2
2600,22527,2,2,2
2601,1926,1,0,0
2602,17051,0,0,0
2603,5064,1,1,1
2604,22711,2,2,2
2605,18978,1,1,1
2606,22797,2,2,2
2607,11800,0,0,0
2608,16895,1,2,2
2609,995,0,0,0
2610,22775,2,0,0
2611,3655,0,0,0
2612,9097,0,0,0
2613,12437,0,0,0
2614,4602,0,0,0
2615,23026,2,2,2
2616,23246,2,0,0
2617,18024,0,0,0
2618,22576,2,2,2
2619,23237,2,2,2
2620,23099,2,0,0
2621,22934,2,2,2
2622,23268,2,1,1
2623,16677,0,0,0
2624,3698,0,0,0
2625,23152,2,0,0
2626,19275,1,0,0
2627,18026,1,0,0
2628,3931,0,0,0
2629,4320,0,0,0
2630,13424,0,0,0
2631,2228,1,0,0
2632,5190,0,0,0
2633,8066,0,0,0
2634,9763,0,0,0
2635,15231,0,1,1
2636,23439,2,2,2
2637,8885,1,0,0
2638,3846,1,1,1
2639,8575,1,1,1
2640,1002,1,1,1
2641,22569,2,2,2
2642,3108,0,0,0
2643,23518,2,1,1
2644,23333,2,0,0
2645,22813,2,2,2
2646,23523,2,2,2
2647,22693,2,1,1
2648,22547,2,1,1
2649,10237,1,0,0
2650,406,0,0,0
2651,16845,2,0,0
2652,14590,1,2,2
2653,2615,0,0,0
2654,23019,2,0,0
2655,17463,1,1,1
2656,12968,0,1,1
2657,4565,1,2,2
2658,22539,2,2,2
2659,17327,0,0,0
2660,22747,2,2,2
2661,4414,1,0,0
2662,3367,1,0,0
2663,23020,2,2,2
2664,12505,1,0,0
2665,23245,2,2,2
2666,2695,0,0,0
2667,3528,1,1,1
2668,7581,0,0,0
2669,23243,2,2,2
2670,1104,1,1,1
2671,351,0,0,0
2672,15858,0,0,0
2673,22722,2,2,2
2674,23455,2,2,2
2675,15890,1,1,1
2676,3906,1,0,0
2677,12764,1,0,0
2678,23319,2,2,2
2679,3017,0,0,0
2680,341,1,1,1
2681,23194,2,2,2
2682,4321,0,0,0
2683,23154,2,2,2
2684,16363,0,0,0
2685,6201,1,0,0
2686,23429,2,2,2
2687,9454,0,0,0
2688,4819,0,0,0
2689,6684,1,1,1
2690,11174,1,1,1
2691,23213,2,2,2
2692,23258,2,2,2
2693,5452,1,2,2
2694,721,1,0,0
2695,23347,2,2,2
2696,6836,1,2,2
2697,781,1,0,0
2698,9505,1,1,1
2699,13530,0,0,0
2700,23396,2,2,2
2701,2962,1,1,1
2702,14068,1,1,1
2703,14107,0,0,0
2704,22736,2,0,0
2705,13009,0,1,1
2706,23089,2,2,2
2707,1407,0,0,0
2708,17814,0,1,1
2709,2614,1,1,1
2710,23325,2,0,0
2711,22763,2,1,1
2712,13898,1,0,0
2713,15863,1,1,1
2714,22680,2,2,2
2715,18658,1,1,1
2716,22943,2,2,2
2717,887,0,0,0
2718,22884,2,0,0
2719,5595,1,1,1
2720,22977,2,2,2
2721,22606,2,2,2
2722,12369,1,1,1
2723,13713,0,0,0
2724,2876,0,0,0
2725,8365,1,0,0
2726,22950,2,2,2
2727,23413,2,2,2
2728,13733,0,2,2
2729,23318,2,2,2
2730,6573,0,0,0
2731,17387,0,0,0
2732,22687,2,2,2
2733,22885,2,2,2
2734,23362,2,0,0
2735,22561,2,1,1
2736,11224,0,0,0
2737,15054,0,2,2
2738,11502,1,1,1
2739,23520,2,1,1
2740,23472,2,0,0
2741,13947,2,0,0
2742,7047,1,1,1
2743,3012,0,1,1
2744,193,1,1,1
2745,22980,2,2,2
2746,10560,1,1,1
2747,9263,0,2,2
2748,23076,2,0,0
2749,1506,0,0,0
2750,16413,0,0,0
2751,23153,2,0,0
2752,12976,1,0,0
2753,4817,1,0,0
2754,17592,0,0,0
2755,18756,1,1,1
2756,3810,0,0,0
2757,22875,2,2,2
2758,15634,1,0,0
2759,18807,0,0,0
2760,23140,2,0,0
2761,23288,2,2,2
2762,18998,0,0,0
2763,22974,2,2,2
2764,23386,2,2,2
2765,10921,2,2,2
2766,2376,0,0,0
2767,14782,0,0,0
2768,23170,2,2,2
2769,15813,1,1,1
2770,6278,1,1,1
2771,4992,0,1,1
2772,23486,2,-1,-1
2773,19354,0,2,2
2774,8883,0,0,0
2775,5369,0,0,0
2776,4190,1,1,1
2777,2863,0,0,0
2778,5275,0,0,0
2779,22905,2,2,2
2780,22732,2,2,2
2781,17652,1,1,1
2782,3420,1,1,1
2783,5041,1,2,2
2784,13305,0,1,1
2785,22588,2,2,2
2786,17090,1,0,0
2787,4188,1,1,1
2788,15635,1,1,1
2789,3963,1,2,2
2790,4879,0,0,0
2791,13304,0,0,0
2792,2747,0,0,0
2793,6651,0,1,1
2794,8206,1,2,2
2795,5119,0,0,0
2796,11199,0,0,0
2797,23074,2,1,1
2798,11939,1,0,0
2799,22852,2,0,0
2800,1381,0,0,0
2801,9409,1,2,2
2802,6359,0,0,0
2803,4261,1,1,1
2804,22997,2,2,2
2805,22913,2,2,2
2806,4066,0,2,2
2807,7109,0,0,0
2808,699,1,1,1
2809,8966,0,0,0
2810,16991,0,0,0
2811,6177,0,0,0
2812,23109,2,1,1
2813,22710,2,0,0
2814,35,1,0,0
2815,6221,1,0,0
2816,4701,1,2,2
2817,23122,2,2,2
2818,5692,0,0,0
2819,18375,1,2,2
2820,1315,1,1,1
2821,22917,2,2,2
2822,14297,1,1,1
2823,23046,2,0,0
2824,23208,2,2,2
2825,23471,2,2,2
2826,10150,0,0,0
2827,689,1,0,0
2828,10212,1,1,1
2829,22603,2,1,1
