,id,actual,google/gemma-2-2b-it,google/gemma-2-2b-it-Probs
0,23019,2,-1,-1
1,8365,1,0,0
2,23351,2,2,2
3,18441,1,2,2
4,8587,1,0,0
5,9451,0,0,0
6,22937,2,2,2
7,7705,2,1,1
8,13091,0,0,0
9,23291,2,2,2
10,10239,0,0,0
11,12046,0,0,0
12,12843,0,0,0
13,6626,0,0,0
14,23157,2,2,2
15,193,1,2,2
16,12290,1,1,1
17,12766,0,0,0
18,12695,1,2,2
19,615,1,2,2
20,7535,1,0,0
21,13362,0,0,0
22,6915,0,0,0
23,23205,2,-1,-1
24,8534,0,0,0
25,13154,0,0,0
26,5773,1,0,0
27,23447,2,2,2
28,13898,1,-1,-1
29,22911,2,0,0
30,5648,0,0,0
31,18978,1,1,1
32,15514,0,1,1
33,22782,2,2,2
34,3100,1,1,1
35,22739,2,-1,-1
36,17108,0,1,1
37,9126,1,1,1
38,23320,2,2,2
39,23502,2,2,2
40,14055,1,0,0
41,14568,0,1,1
42,23259,2,2,2
43,11253,0,0,0
44,3509,1,1,1
45,23140,2,2,2
46,23169,2,2,2
47,11199,0,0,0
48,22919,2,2,2
49,4587,0,-1,-1
50,3463,0,0,0
51,22985,2,2,2
52,16600,0,0,0
53,4765,1,1,1
54,19171,1,1,1
55,1322,1,0,0
56,23165,2,2,2
57,23469,2,2,2
58,14538,1,1,1
59,22704,2,0,0
60,22883,2,2,2
61,483,1,0,0
62,12207,2,0,0
63,23520,2,1,1
64,9312,1,0,0
65,23402,2,2,2
66,22947,2,2,2
67,17180,0,2,2
68,9343,1,0,0
69,2235,1,1,1
70,19081,1,0,0
71,1521,1,0,0
72,895,0,0,0
73,22595,2,2,2
74,16728,0,2,2
75,15098,0,0,0
76,23394,2,2,2
77,4118,0,2,2
78,23025,2,2,2
79,22583,2,1,1
80,22859,2,2,2
81,22824,2,0,0
82,17466,1,1,1
83,3300,1,0,0
84,3744,0,0,0
85,23340,2,2,2
86,14406,0,2,2
87,2107,0,2,2
88,18163,0,0,0
89,11492,1,-1,-1
90,15994,1,0,0
91,10340,1,2,2
92,22678,2,0,0
93,23455,2,-1,-1
94,22637,2,2,2
95,6144,1,0,0
96,23072,2,2,2
97,13178,1,0,0
98,3825,0,0,0
99,341,1,1,1
100,23404,2,2,2
101,6482,1,2,2
102,4507,0,2,2
103,595,0,-1,-1
104,13258,1,1,1
105,22656,2,2,2
106,7375,1,0,0
107,23234,2,2,2
108,16054,0,0,0
109,5122,0,0,0
110,10183,1,1,1
111,14851,0,0,0
112,15012,0,0,0
113,17188,0,-1,-1
114,15924,0,0,0
115,15240,1,1,1
116,532,1,1,1
117,12845,1,1,1
118,22645,2,2,2
119,9207,1,1,1
120,4026,1,1,1
121,3646,1,0,0
122,13163,0,1,1
123,10165,0,0,0
124,10093,0,0,0
125,14376,1,0,0
126,6931,0,0,0
127,22890,2,2,2
128,9409,1,0,0
129,19275,1,0,0
130,9287,1,-1,-1
131,23030,2,0,0
132,1506,0,0,0
133,22792,2,2,2
134,4032,1,-1,-1
135,2004,1,0,0
136,9096,0,0,0
137,14166,0,0,0
138,18026,1,0,0
139,23105,2,0,0
140,3943,0,0,0
141,13338,1,1,1
142,22677,2,2,2
143,14745,1,0,0
144,14558,1,1,1
145,11402,1,0,0
146,4068,0,0,0
147,4925,1,-1,-1
148,22565,2,0,0
149,2341,0,0,0
150,17173,2,0,0
151,3423,1,1,1
152,22974,2,0,0
153,10898,1,1,1
154,23508,2,2,2
155,22694,2,-1,-1
156,13816,1,1,1
157,15734,0,1,1
158,8751,0,0,0
159,10777,0,0,0
160,18628,1,2,2
161,4635,1,2,2
162,4510,0,-1,-1
163,11799,1,0,0
164,4928,1,2,2
165,529,0,2,2
166,288,0,0,0
167,1153,2,-1,-1
168,5031,0,0,0
169,22562,2,2,2
170,6238,0,0,0
171,1075,0,0,0
172,4165,1,0,0
173,16814,0,0,0
174,1672,0,0,0
175,5087,0,0,0
176,23499,2,2,2
177,5998,1,1,1
178,8153,0,0,0
179,3940,1,2,2
180,10451,1,0,0
181,22636,2,2,2
182,15232,0,0,0
183,10577,0,0,0
184,23339,2,0,0
185,6359,0,0,0
186,23015,2,2,2
187,14977,1,1,1
188,22665,2,2,2
189,1643,1,0,0
190,11313,1,0,0
191,23046,2,2,2
192,23014,2,2,2
193,23000,2,2,2
194,22956,2,2,2
195,15615,1,1,1
196,22698,2,2,2
197,22806,2,2,2
198,12467,0,0,0
199,13438,0,2,2
200,10702,0,0,0
201,23061,2,2,2
202,23445,2,2,2
203,3672,1,-1,-1
204,22573,2,2,2
205,15002,1,0,0
206,3085,1,1,1
207,19490,1,2,2
208,13025,1,0,0
209,22553,2,2,2
210,19459,0,0,0
211,22851,2,2,2
212,22833,2,2,2
213,11352,1,0,0
214,9225,1,0,0
215,7672,0,0,0
216,13372,1,0,0
217,16576,1,1,1
218,5767,1,-1,-1
219,23198,2,2,2
220,23090,2,2,2
221,7952,1,0,0
222,11692,0,0,0
223,22622,2,0,0
224,8437,1,1,1
225,22560,2,-1,-1
226,23458,2,0,0
227,1816,1,1,1
228,2144,1,-1,-1
229,6065,0,0,0
230,11211,1,-1,-1
231,22908,2,-1,-1
232,22788,2,2,2
233,22617,2,2,2
234,3457,0,0,0
235,22794,2,2,2
236,23134,2,-1,-1
237,23396,2,0,0
238,1142,1,0,0
239,22777,2,0,0
240,23007,2,2,2
241,3490,0,0,0
242,5057,0,-1,-1
243,22551,2,2,2
244,9151,0,0,0
245,18131,0,0,0
246,7531,1,2,2
247,23012,2,0,0
248,23129,2,-1,-1
249,22893,2,2,2
250,15447,0,0,0
251,11118,0,0,0
252,1715,1,1,1
253,7396,1,1,1
254,22750,2,0,0
255,15041,1,2,2
256,22711,2,-1,-1
257,5876,0,0,0
258,12679,1,1,1
259,18809,1,-1,-1
260,14060,0,0,0
261,4797,0,0,0
262,3654,1,-1,-1
263,22586,2,0,0
264,22829,2,2,2
265,3545,1,2,2
266,14640,0,0,0
267,4600,1,0,0
268,23093,2,2,2
269,3766,0,0,0
270,23136,2,2,2
271,1801,0,0,0
272,17360,1,-1,-1
273,23393,2,2,2
274,22716,2,2,2
275,22997,2,2,2
276,15599,0,-1,-1
277,12342,1,0,0
278,9868,0,0,0
279,5044,1,1,1
280,23524,2,2,2
281,633,0,0,0
282,15935,1,1,1
283,16428,1,1,1
284,2430,1,-1,-1
285,6066,0,0,0
286,22687,2,2,2
287,61,0,0,0
288,15124,0,0,0
289,23261,2,0,0
290,8516,0,0,0
291,8142,1,0,0
292,51,0,0,0
293,23491,2,2,2
294,23212,2,0,0
295,22558,2,1,1
296,6787,0,0,0
297,16597,0,0,0
298,23435,2,2,2
299,12760,1,0,0
300,9520,1,1,1
301,13947,2,0,0
302,23488,2,2,2
303,5112,0,0,0
304,4483,1,1,1
305,23164,2,2,2
306,7579,1,2,2
307,18847,1,1,1
308,22967,2,-1,-1
309,23289,2,2,2
310,22907,2,2,2
311,2162,0,1,1
312,3767,0,0,0
313,1702,1,0,0
314,878,1,1,1
315,23468,2,-1,-1
316,23238,2,2,2
317,14749,0,0,0
318,1930,1,1,1
319,16791,0,0,0
320,22906,2,0,0
321,520,1,0,0
322,22918,2,1,1
323,1616,0,-1,-1
324,22776,2,2,2
325,10221,1,1,1
326,3602,0,0,0
327,10698,1,0,0
328,22898,2,2,2
329,402,1,2,2
330,13236,1,0,0
331,23338,2,-1,-1
332,23306,2,2,2
333,22675,2,-1,-1
334,14374,0,0,0
335,23113,2,2,2
336,5369,0,0,0
337,1877,0,-1,-1
338,12020,0,-1,-1
339,14991,0,0,0
340,23174,2,2,2
341,22744,2,0,0
342,13559,0,0,0
343,16538,1,0,0
344,23244,2,2,2
345,7642,0,0,0
346,5886,1,1,1
347,8314,0,0,0
348,22528,2,2,2
349,11866,1,2,2
350,23043,2,2,2
351,22624,2,2,2
352,4320,0,-1,-1
353,22543,2,2,2
354,2174,1,1,1
355,16846,2,0,0
356,17189,0,0,0
357,5487,0,0,0
358,18901,1,1,1
359,14289,1,1,1
360,23512,2,2,2
361,23138,2,-1,-1
362,23273,2,0,0
363,4743,1,0,0
364,18225,0,2,2
365,23333,2,2,2
366,22606,2,2,2
367,23511,2,2,2
368,22602,2,2,2
369,2418,1,1,1
370,23380,2,-1,-1
371,17693,1,0,0
372,9899,0,0,0
373,18024,0,0,0
374,23170,2,2,2
375,22935,2,2,2
376,6535,0,0,0
377,13010,1,1,1
378,17627,1,1,1
379,1461,0,0,0
380,17074,0,2,2
381,6205,0,0,0
382,16427,0,-1,-1
383,22650,2,2,2
384,22723,2,2,2
385,2443,0,0,0
386,23323,2,-1,-1
387,3567,0,0,0
388,8656,1,1,1
389,14547,1,1,1
390,7447,0,-1,-1
391,16733,1,1,1
392,9447,0,0,0
393,18471,1,-1,-1
394,22810,2,2,2
395,6839,0,2,2
396,23296,2,2,2
397,1441,1,1,1
398,23368,2,0,0
399,197,1,0,0
400,22941,2,2,2
401,404,1,1,1
402,14945,0,0,0
403,13028,0,0,0
404,298,0,0,0
405,23257,2,2,2
406,23076,2,2,2
407,23254,2,0,0
408,3420,1,-1,-1
409,148,0,0,0
410,10292,0,0,0
411,22710,2,0,0
412,8106,0,0,0
413,13182,0,0,0
414,8537,0,0,0
415,10385,0,0,0
416,5219,1,0,0
417,1104,1,1,1
418,1004,1,0,0
419,16216,0,0,0
420,23232,2,2,2
421,1141,0,0,0
422,19352,0,0,0
423,2333,0,0,0
424,22874,2,2,2
425,2344,1,0,0
426,11225,0,0,0
427,22996,2,2,2
428,7702,1,1,1
429,377,0,0,0
430,10814,1,-1,-1
431,22721,2,-1,-1
432,23215,2,2,2
433,15634,1,0,0
434,2171,1,1,1
435,23408,2,2,2
436,23325,2,2,2
437,11072,1,1,1
438,22533,2,2,2
439,22948,2,0,0
440,540,0,-1,-1
441,16516,0,0,0
442,5871,0,0,0
443,23091,2,2,2
444,23009,2,2,2
445,17586,0,0,0
446,3471,0,2,2
447,14044,1,1,1
448,17723,1,1,1
449,23195,2,2,2
450,17169,1,1,1
451,22726,2,2,2
452,13245,0,0,0
453,13868,1,0,0
454,23148,2,-1,-1
455,2347,0,0,0
456,22946,2,-1,-1
457,15107,0,0,0
458,8361,0,0,0
459,10617,0,-1,-1
460,1581,1,-1,-1
461,13183,0,0,0
462,6778,0,2,2
463,23002,2,-1,-1
464,23411,2,2,2
465,15567,1,1,1
466,11167,1,0,0
467,5027,1,2,2
468,22612,2,2,2
469,13488,1,-1,-1
470,19503,0,0,0
471,16361,0,0,0
472,22862,2,2,2
473,23332,2,1,1
474,15861,1,2,2
475,11464,0,0,0
476,365,1,-1,-1
477,7318,1,0,0
478,10211,1,1,1
479,22831,2,2,2
480,33,2,0,0
481,788,1,1,1
482,22886,2,-1,-1
483,19346,0,2,2
484,22875,2,2,2
485,17271,0,-1,-1
486,1024,1,0,0
487,8671,0,0,0
488,4190,1,1,1
489,22954,2,2,2
490,2867,0,0,0
491,6464,0,0,0
492,23416,2,1,1
493,15510,0,0,0
494,9176,1,0,0
495,1554,0,0,0
496,16154,0,-1,-1
497,3303,1,1,1
498,2679,0,-1,-1
499,15613,0,0,0
500,15533,1,2,2
501,6684,1,1,1
502,16401,0,2,2
503,23210,2,2,2
504,3655,0,0,0
505,11869,1,1,1
506,22589,2,2,2
507,10244,1,-1,-1
508,7109,0,0,0
509,15832,1,0,0
510,110,1,1,1
511,15954,1,1,1
512,3830,0,0,0
513,3394,0,0,0
514,4414,1,0,0
515,17745,1,1,1
516,10560,1,1,1
517,23268,2,0,0
518,14857,1,1,1
519,3749,0,0,0
520,23122,2,2,2
521,15766,0,0,0
522,4616,0,0,0
523,16202,0,0,0
524,10374,0,1,1
525,10449,1,0,0
526,23088,2,2,2
527,3103,1,1,1
528,14179,1,0,0
529,3933,1,0,0
530,7566,0,0,0
531,16663,0,2,2
532,13941,1,2,2
533,23050,2,0,0
534,12730,1,0,0
535,23444,2,2,2
536,22599,2,-1,-1
537,22623,2,2,2
538,3480,0,0,0
539,11923,1,-1,-1
540,17865,0,0,0
541,12861,1,0,0
542,12910,1,0,0
543,5633,2,1,1
544,6890,0,2,2
545,768,1,1,1
546,23102,2,-1,-1
547,23375,2,2,2
548,23077,2,2,2
549,23324,2,2,2
550,12435,1,0,0
551,5617,1,-1,-1
552,22604,2,2,2
553,22531,2,2,2
554,14686,1,1,1
555,15863,1,2,2
556,22992,2,0,0
557,23004,2,-1,-1
558,23486,2,0,0
559,14999,0,0,0
560,1899,1,1,1
561,17719,0,0,0
562,19328,0,0,0
563,13247,2,-1,-1
564,12482,0,2,2
565,22823,2,2,2
566,22943,2,2,2
567,22924,2,2,2
568,5557,0,0,0
569,12957,1,1,1
570,23439,2,2,2
571,5911,0,0,0
572,22927,2,2,2
573,22639,2,2,2
574,22722,2,2,2
575,16857,1,1,1
576,8575,1,1,1
577,9591,1,1,1
578,1172,0,0,0
579,7483,1,-1,-1
580,4813,1,2,2
581,23252,2,2,2
582,13601,0,0,0
583,22596,2,0,0
584,19392,1,1,1
585,19022,0,0,0
586,8657,0,0,0
587,23062,2,2,2
588,23374,2,0,0
589,7621,0,-1,-1
590,2122,0,0,0
591,5888,1,1,1
592,4066,0,2,2
593,3525,1,1,1
594,351,0,0,0
595,22720,2,-1,-1
596,3117,0,0,0
597,22544,2,-1,-1
598,12241,1,0,0
599,10872,1,0,0
600,1566,0,-1,-1
601,22619,2,2,2
602,14677,0,2,2
603,15617,0,0,0
604,16043,1,2,2
605,4216,0,2,2
606,14303,0,0,0
607,13184,0,0,0
608,1003,0,0,0
609,23275,2,2,2
610,6841,0,-1,-1
611,8360,0,0,0
612,22807,2,2,2
613,23442,2,-1,-1
614,7391,0,-1,-1
615,22614,2,2,2
616,23265,2,2,2
617,11305,0,0,0
618,23360,2,2,2
619,7312,1,1,1
620,22877,2,0,0
621,13480,0,0,0
622,18848,1,1,1
623,22942,2,2,2
624,2065,1,0,0
625,17192,0,0,0
626,2165,1,1,1
627,17139,0,0,0
628,23128,2,2,2
629,22535,2,2,2
630,22861,2,2,2
631,23239,2,2,2
632,22578,2,2,2
633,22885,2,2,2
634,327,0,0,0
635,49,1,0,0
636,3626,0,0,0
637,4819,0,0,0
638,23346,2,2,2
639,3392,0,2,2
640,7921,0,0,0
641,12668,0,0,0
642,23214,2,2,2
643,23281,2,2,2
644,17246,0,-1,-1
645,18241,1,0,0
646,16644,1,1,1
647,10810,1,0,0
648,16558,0,0,0
649,23423,2,2,2
650,19505,1,0,0
651,5190,0,0,0
652,23226,2,-1,-1
653,10865,0,0,0
654,22540,2,-1,-1
655,11331,1,2,2
656,23104,2,2,2
657,18756,1,1,1
658,23513,2,2,2
659,23336,2,2,2
660,18222,0,0,0
661,16371,1,0,0
662,10768,0,0,0
663,22561,2,-1,-1
664,22897,2,0,0
665,22939,2,2,2
666,18099,0,0,0
667,18970,0,0,0
668,2615,0,0,0
669,23188,2,0,0
670,17387,0,0,0
671,22899,2,2,2
672,22945,2,2,2
673,22632,2,0,0
674,7581,0,0,0
675,16556,1,-1,-1
676,23185,2,2,2
677,6303,0,0,0
678,10862,0,0,0
679,445,0,0,0
680,5203,0,0,0
681,6581,1,1,1
682,4746,1,-1,-1
683,1790,1,1,1
684,23286,2,2,2
685,11059,0,0,0
686,4602,0,0,0
687,11062,0,0,0
688,10869,1,0,0
689,19072,0,0,0
690,23473,2,0,0
691,13690,1,0,0
692,22791,2,2,2
693,10638,1,1,1
694,7149,0,-1,-1
695,10897,0,0,0
696,15084,0,0,0
697,22701,2,2,2
698,13731,0,0,0
699,3656,0,-1,-1
700,22631,2,2,2
701,11190,0,0,0
702,22826,2,2,2
703,3131,0,0,0
704,13125,1,1,1
705,22676,2,2,2
706,4584,0,-1,-1
707,1204,1,1,1
708,13148,0,0,0
709,1395,0,0,0
710,11238,1,2,2
711,22699,2,2,2
712,759,0,2,2
713,23517,2,2,2
714,23255,2,-1,-1
715,9414,0,0,0
716,18572,0,0,0
717,23379,2,2,2
718,23440,2,0,0
719,16077,0,0,0
720,7994,0,0,0
721,23171,2,2,2
722,406,0,0,0
723,11981,0,0,0
724,22566,2,2,2
725,7569,0,0,0
726,8580,1,0,0
727,23503,2,2,2
728,23243,2,0,0
729,11996,0,0,0
730,12069,1,1,1
731,16267,0,0,0
732,7147,1,0,0
733,22889,2,2,2
734,22668,2,2,2
735,23523,2,2,2
736,2855,0,0,0
737,14134,2,1,1
738,22836,2,-1,-1
739,23326,2,2,2
740,12976,1,0,0
741,4235,1,1,1
742,23119,2,2,2
743,22887,2,-1,-1
744,12968,0,0,0
745,22695,2,0,0
746,6146,0,0,0
747,15111,1,1,1
748,22734,2,0,0
749,22904,2,2,2
750,23280,2,0,0
751,18181,0,0,0
752,23200,2,-1,-1
753,18731,0,0,0
754,8359,0,0,0
755,23270,2,2,2
756,23422,2,2,2
757,22764,2,2,2
758,5488,0,0,0
759,22568,2,2,2
760,689,1,0,0
761,7121,1,1,1
762,23504,2,2,2
763,23178,2,2,2
764,19247,1,0,0
765,22921,2,2,2
766,11734,1,2,2
767,3948,1,2,2
768,6286,0,0,0
769,15864,1,1,1
770,1995,0,-1,-1
771,17097,0,0,0
772,4734,1,-1,-1
773,7918,0,0,0
774,23094,2,2,2
775,3367,1,0,0
776,2995,1,1,1
777,23441,2,0,0
778,22814,2,2,2
779,22892,2,2,2
780,8069,1,1,1
781,1163,1,1,1
782,23378,2,1,1
783,23428,2,2,2
784,477,0,2,2
785,9894,0,2,2
786,5976,1,1,1
787,23487,2,-1,-1
788,16673,1,1,1
789,3474,0,-1,-1
790,22761,2,0,0
791,1152,1,0,0
792,14789,1,2,2
793,11413,1,1,1
794,7532,1,1,1
795,23409,2,2,2
796,14364,1,-1,-1
797,17814,0,0,0
798,721,1,0,0
799,23066,2,2,2
800,23143,2,2,2
801,4974,0,1,1
802,7644,1,0,0
803,14323,0,0,0
804,22603,2,2,2
805,8745,0,0,0
806,22703,2,2,2
807,18997,0,-1,-1
808,1315,1,1,1
809,23285,2,2,2
810,4023,1,1,1
811,7310,1,2,2
812,22651,2,2,2
813,22926,2,0,0
814,16693,0,0,0
815,8413,0,0,0
816,10542,1,0,0
817,19330,0,0,0
818,11944,1,-1,-1
819,23362,2,0,0
820,22643,2,2,2
821,22784,2,2,2
822,22852,2,0,0
823,12764,1,0,0
824,22550,2,0,0
825,22635,2,2,2
826,17792,0,0,0
827,22556,2,2,2
828,10690,1,-1,-1
829,18917,1,1,1
830,22642,2,2,2
831,23474,2,-1,-1
832,16403,1,1,1
833,23097,2,2,2
834,23384,2,2,2
835,23506,2,2,2
836,23298,2,0,0
837,13361,1,1,1
838,1498,0,0,0
839,22779,2,0,0
840,2016,0,0,0
841,1107,0,1,1
842,10011,1,0,0
843,23262,2,0,0
844,13583,0,0,0
845,17636,1,0,0
846,22843,2,2,2
847,988,0,0,0
848,17248,1,1,1
849,23509,2,-1,-1
850,10813,1,-1,-1
851,9,0,0,0
852,9125,0,0,0
853,9905,0,1,1
854,23201,2,0,0
855,12704,0,0,0
856,23156,2,2,2
857,13804,0,0,0
858,23522,2,2,2
859,18554,0,0,0
860,4709,1,0,0
861,15506,0,0,0
862,23451,2,2,2
863,17705,0,0,0
864,7262,1,-1,-1
865,22977,2,-1,-1
866,5265,1,0,0
867,7910,1,0,0
868,6576,0,0,0
869,1623,1,0,0
870,12731,0,0,0
871,14988,1,1,1
872,19097,1,1,1
873,22691,2,2,2
874,12341,2,0,0
875,7848,0,0,0
876,23498,2,2,2
877,13507,0,0,0
878,22759,2,1,1
879,23490,2,2,2
880,22925,2,2,2
881,14783,1,2,2
882,10807,1,0,0
883,23335,2,2,2
884,12600,1,-1,-1
885,12484,0,0,0
886,22970,2,-1,-1
887,23314,2,2,2
888,701,1,0,0
889,22683,2,1,1
890,15247,0,0,0
891,16326,0,0,0
892,15073,0,0,0
893,23028,2,0,0
894,2852,0,0,0
895,23438,2,0,0
896,23278,2,2,2
897,23162,2,2,2
898,8030,0,-1,-1
899,23359,2,2,2
900,22960,2,2,2
901,19313,1,2,2
902,22659,2,2,2
903,23299,2,2,2
904,8625,0,0,0
905,22891,2,2,2
906,6896,1,0,0
907,23341,2,2,2
908,15411,1,1,1
909,23033,2,-1,-1
910,19120,0,2,2
911,11616,1,0,0
912,22724,2,2,2
913,12834,0,0,0
914,16373,1,2,2
915,17008,1,-1,-1
916,6888,1,2,2
917,7995,0,0,0
918,22930,2,2,2
919,14786,0,0,0
920,18602,0,0,0
921,10680,1,1,1
922,14369,0,-1,-1
923,15751,0,2,2
924,14398,1,1,1
925,23079,2,0,0
926,5275,0,2,2
927,1624,1,0,0
928,23053,2,2,2
929,16731,1,1,1
930,11209,1,2,2
931,8783,1,1,1
932,22736,2,2,2
933,8125,1,1,1
934,11749,0,0,0
935,22529,2,2,2
936,18853,1,0,0
937,5474,1,1,1
938,8035,1,-1,-1
939,2050,0,0,0
940,3585,0,0,0
941,3015,1,1,1
942,1025,1,0,0
943,6976,1,1,1
944,7582,0,0,0
945,22760,2,2,2
946,23044,2,2,2
947,22745,2,2,2
948,22741,2,2,2
949,1460,0,0,0
950,2078,0,0,0
951,1240,0,0,0
952,12437,0,0,0
953,17072,0,0,0
954,23177,2,0,0
955,18027,0,0,0
956,13363,0,0,0
957,11285,0,0,0
958,13620,1,1,1
959,23272,2,-1,-1
960,22682,2,2,2
961,23166,2,2,2
962,23358,2,2,2
963,4033,0,0,0
964,22778,2,2,2
965,22715,2,2,2
966,23297,2,2,2
967,4296,1,1,1
968,22638,2,1,1
969,22647,2,2,2
970,6781,0,2,2
971,9230,1,0,0
972,5320,1,1,1
973,22607,2,2,2
974,792,0,0,0
975,23282,2,2,2
976,9605,0,2,2
977,22769,2,2,2
978,6599,0,-1,-1
979,19336,1,0,0
980,22909,2,2,2
981,800,0,0,0
982,4017,1,1,1
983,18439,0,0,0
984,23500,2,0,0
985,295,0,-1,-1
986,10044,0,0,0
987,35,1,0,0
988,10976,0,0,0
989,23271,2,2,2
990,22746,2,2,2
991,23247,2,2,2
992,19498,0,2,2
993,8531,1,2,2
994,8584,0,0,0
995,15222,1,1,1
996,7646,0,0,0
997,4999,1,1,1
998,2075,0,0,0
999,22973,2,2,2
1000,13703,0,0,0
1001,19354,0,1,1
1002,22813,2,2,2
1003,17111,1,0,0
1004,15992,1,0,0
1005,23231,2,2,2
1006,11502,1,1,1
1007,10636,1,1,1
1008,6275,0,2,2
1009,22600,2,2,2
1010,4193,1,1,1
1011,23112,2,0,0
1012,11939,1,0,0
1013,18727,0,0,0
1014,19501,1,0,0
1015,5062,1,0,0
1016,4725,1,0,0
1017,1561,1,-1,-1
1018,9441,1,-1,-1
1019,14566,0,0,0
1020,23501,2,0,0
1021,631,0,0,0
1022,7992,1,0,0
1023,23492,2,2,2
1024,22555,2,2,2
1025,23460,2,2,2
1026,10171,2,-1,-1
1027,22663,2,0,0
1028,6306,1,1,1
1029,22593,2,2,2
1030,2328,0,0,0
1031,4684,1,2,2
1032,22584,2,-1,-1
1033,13434,2,0,0
1034,18015,0,0,0
1035,13713,0,0,0
1036,17592,0,0,0
1037,5079,1,1,1
1038,5188,0,0,0
1039,19119,0,1,1
1040,3674,0,0,0
1041,23519,2,2,2
1042,23120,2,-1,-1
1043,16723,1,0,0
1044,2883,0,0,0
1045,4188,1,2,2
1046,6244,1,1,1
1047,6627,0,0,0
1048,23060,2,2,2
1049,10961,0,0,0
1050,15428,1,2,2
1051,991,0,1,1
1052,9901,0,-1,-1
1053,388,0,0,0
1054,3810,0,-1,-1
1055,1221,0,-1,-1
1056,6221,1,0,0
1057,17327,0,0,0
1058,23391,2,2,2
1059,19338,1,-1,-1
1060,23311,2,2,2
1061,16512,0,0,0
1062,13007,0,1,1
1063,3089,1,1,1
1064,17423,0,0,0
1065,19105,1,0,0
1066,22587,2,2,2
1067,22867,2,2,2
1068,11030,1,-1,-1
1069,19460,0,0,0
1070,15225,1,1,1
1071,2315,0,0,0
1072,17305,0,0,0
1073,6485,0,0,0
1074,23069,2,0,0
1075,22749,2,2,2
1076,13038,0,0,0
1077,1231,1,2,2
1078,22786,2,-1,-1
1079,22968,2,2,2
1080,5986,1,1,1
1081,8096,1,1,1
1082,10784,0,0,0
1083,6060,1,1,1
1084,23026,2,2,2
1085,5869,1,0,0
1086,17285,0,0,0
1087,16752,1,0,0
1088,17043,1,0,0
1089,10212,1,1,1
1090,22803,2,0,0
1091,18238,0,-1,-1
1092,23342,2,2,2
1093,23118,2,2,2
1094,23361,2,0,0
1095,22719,2,1,1
1096,11872,1,0,0
1097,5197,0,0,0
1098,14661,0,2,2
1099,11568,1,1,1
1100,17463,1,2,2
1101,10783,0,0,0
1102,22618,2,2,2
1103,12205,1,2,2
1104,23457,2,0,0
1105,23264,2,2,2
1106,22900,2,0,0
1107,12264,0,0,0
1108,12984,1,1,1
1109,3831,0,1,1
1110,12179,1,2,2
1111,23059,2,0,0
1112,4692,1,0,0
1113,18992,0,2,2
1114,22591,2,0,0
1115,5595,1,1,1
1116,22629,2,2,2
1117,16587,1,1,1
1118,6573,0,0,0
1119,6714,1,0,0
1120,7074,1,0,0
1121,23111,2,2,2
1122,22592,2,-1,-1
1123,17213,1,2,2
1124,2109,1,1,1
1125,22649,2,-1,-1
1126,4567,1,0,0
1127,994,0,0,0
1128,4044,1,2,2
1129,23035,2,0,0
1130,3460,1,0,0
1131,22936,2,2,2
1132,4442,1,-1,-1
1133,251,1,-1,-1
1134,23353,2,2,2
1135,10421,1,2,2
1136,16718,0,0,0
1137,2619,1,2,2
1138,14707,0,0,0
1139,641,2,1,1
1140,14371,1,-1,-1
1141,23167,2,0,0
1142,9341,0,0,0
1143,760,0,0,0
1144,6793,1,0,0
1145,6120,0,0,0
1146,12767,0,-1,-1
1147,16775,0,1,1
1148,6531,0,0,0
1149,11116,0,0,0
1150,6122,0,0,0
1151,23249,2,-1,-1
1152,9523,1,1,1
1153,13432,1,0,0
1154,16695,0,0,0
1155,7393,1,1,1
1156,376,0,0,0
1157,6141,0,0,0
1158,1871,1,1,1
1159,1233,0,0,0
1160,413,0,0,0
1161,23160,2,2,2
1162,23277,2,0,0
1163,22621,2,0,0
1164,12245,1,1,1
1165,9679,0,0,0
1166,16886,0,0,0
1167,19307,0,-1,-1
1168,462,0,2,2
1169,1901,1,1,1
1170,10704,0,0,0
1171,9906,1,0,0
1172,23189,2,2,2
1173,12039,1,0,0
1174,18527,1,1,1
1175,23081,2,2,2
1176,6538,0,1,1
1177,8937,1,0,0
1178,22690,2,0,0
1179,22994,2,2,2
1180,4883,1,0,0
1181,4041,1,2,2
1182,2495,1,0,0
1183,17944,1,0,0
1184,23367,2,2,2
1185,23223,2,-1,-1
1186,310,0,0,0
1187,8179,1,0,0
1188,15031,0,0,0
1189,19364,1,2,2
1190,15829,1,0,0
1191,10730,1,0,0
1192,9208,1,1,1
1193,3507,0,1,1
1194,23150,2,2,2
1195,3403,1,-1,-1
1196,9023,1,2,2
1197,18529,1,-1,-1
1198,22526,2,2,2
1199,11048,0,0,0
1200,23463,2,2,2
1201,2861,0,0,0
1202,18030,1,1,1
1203,22576,2,-1,-1
1204,17178,0,0,0
1205,23084,2,2,2
1206,3405,1,-1,-1
1207,23413,2,0,0
1208,16665,0,2,2
1209,15635,1,0,0
1210,23518,2,0,0
1211,23327,2,2,2
1212,1254,1,1,1
1213,22534,2,2,2
1214,8038,1,0,0
1215,22912,2,1,1
1216,11088,0,0,0
1217,10106,1,0,0
1218,2417,1,1,1
1219,727,1,1,1
1220,22938,2,0,0
1221,3600,0,-1,-1
1222,12656,0,0,0
1223,23216,2,2,2
1224,3828,0,-1,-1
1225,3017,0,0,0
1226,12508,0,0,0
1227,2237,0,0,0
1228,22820,2,-1,-1
1229,7005,0,2,2
1230,23151,2,2,2
1231,22905,2,2,2
1232,889,1,0,0
1233,22541,2,2,2
1234,18296,0,0,0
1235,22989,2,0,0
1236,23294,2,2,2
1237,23454,2,2,2
1238,15197,1,-1,-1
1239,9454,0,0,0
1240,18818,1,0,0
1241,16413,0,0,0
1242,3928,0,-1,-1
1243,22991,2,-1,-1
1244,13800,0,0,0
1245,11066,1,1,1
1246,13448,2,-1,-1
1247,531,1,1,1
1248,1329,0,0,0
1249,9328,1,1,1
1250,22771,2,2,2
1251,19118,0,1,1
1252,19421,0,0,0
1253,3364,0,0,0
1254,10246,1,0,0
1255,745,1,0,0
1256,19169,1,0,0
1257,23181,2,2,2
1258,22917,2,2,2
1259,6928,0,0,0
1260,10498,1,1,1
1261,19305,1,0,0
1262,4706,0,0,0
1263,11831,0,0,0
1264,15104,0,0,0
1265,5286,1,1,1
1266,306,0,0,0
1267,13001,1,-1,-1
1268,23213,2,2,2
1269,13593,0,0,0
1270,23057,2,2,2
1271,12539,1,-1,-1
1272,11756,0,0,0
1273,15749,1,2,2
1274,23147,2,2,2
1275,16675,1,1,1
1276,22709,2,-1,-1
1277,23350,2,2,2
1278,10526,1,-1,-1
1279,17986,1,1,1
1280,15670,0,0,0
1281,22816,2,2,2
1282,15445,0,0,0
1283,23221,2,2,2
1284,5154,0,0,0
1285,14211,1,0,0
1286,1519,0,0,0
1287,478,0,-1,-1
1288,3690,0,0,0
1289,23349,2,2,2
1290,3380,0,0,0
1291,22634,2,2,2
1292,22725,2,2,2
1293,11948,1,2,2
1294,22999,2,-1,-1
1295,2697,0,-1,-1
1296,10147,1,0,0
1297,22680,2,2,2
1298,6836,1,-1,-1
1299,526,0,-1,-1
1300,4290,1,0,0
1301,6970,1,1,1
1302,13504,1,0,0
1303,14849,1,0,0
1304,15543,0,1,1
1305,8279,1,0,0
1306,23103,2,-1,-1
1307,9607,1,1,1
1308,7529,1,-1,-1
1309,17326,2,0,0
1310,16363,0,0,0
1311,23302,2,0,0
1312,10068,0,2,2
1313,22630,2,2,2
1314,22849,2,2,2
1315,13304,0,0,0
1316,12370,0,0,0
1317,10304,0,2,2
1318,17338,0,-1,-1
1319,411,1,-1,-1
1320,3584,0,0,0
1321,22789,2,2,2
1322,6063,0,0,0
1323,23331,2,2,2
1324,22796,2,2,2
1325,23371,2,2,2
1326,14807,0,0,0
1327,10052,1,1,1
1328,14068,1,2,2
1329,18972,0,2,2
1330,17938,0,0,0
1331,12081,0,0,0
1332,11877,0,1,1
1333,18443,0,0,0
1334,14750,0,0,0
1335,22666,2,0,0
1336,8655,1,1,1
1337,17051,0,-1,-1
1338,9160,1,1,1
1339,22869,2,2,2
1340,10733,0,0,0
1341,4657,1,0,0
1342,15427,1,-1,-1
1343,6152,1,0,0
1344,4868,0,0,0
1345,18844,0,2,2
1346,2002,1,1,1
1347,12505,1,-1,-1
1348,14923,0,1,1
1349,3855,1,-1,-1
1350,23106,2,0,0
1351,23036,2,2,2
1352,13629,1,2,2
1353,2125,0,0,0
1354,5268,0,0,0
1355,15512,1,0,0
1356,16684,0,-1,-1
1357,5444,1,-1,-1
1358,1880,1,1,1
1359,23476,2,2,2
1360,23515,2,1,1
1361,995,0,0,0
1362,23479,2,2,2
1363,3897,0,0,0
1364,23233,2,2,2
1365,13411,1,1,1
1366,18474,0,0,0
1367,23132,2,2,2
1368,23449,2,2,2
1369,14436,0,0,0
1370,11946,1,2,2
1371,3625,0,0,0
1372,23407,2,-1,-1
1373,3588,0,0,0
1374,22608,2,2,2
1375,17969,0,2,2
1376,6284,0,2,2
1377,22868,2,0,0
1378,12201,1,1,1
1379,15814,1,-1,-1
1380,2375,0,0,0
1381,2053,0,0,0
1382,22932,2,2,2
1383,23385,2,0,0
1384,16358,0,0,0
1385,19417,0,0,0
1386,1381,0,0,0
1387,930,1,1,1
1388,2879,0,0,0
1389,3758,0,0,0
1390,22928,2,-1,-1
1391,9315,0,0,0
1392,4729,1,1,1
1393,22564,2,-1,-1
1394,4679,1,0,0
1395,17090,1,1,1
1396,13772,0,0,0
1397,3476,0,0,0
1398,18453,1,2,2
1399,11984,0,0,0
1400,17168,1,1,1
1401,15951,1,1,1
1402,23478,2,2,2
1403,23016,2,2,2
1404,22914,2,0,0
1405,37,1,2,2
1406,9866,0,0,0
1407,5534,1,1,1
1408,22817,2,1,1
1409,4613,1,0,0
1410,23383,2,0,0
1411,276,0,0,0
1412,8737,1,2,2
1413,19365,1,1,1
1414,17094,0,0,0
1415,5862,0,0,0
1416,5119,0,0,0
1417,14867,0,1,1
1418,23005,2,2,2
1419,22993,2,2,2
1420,17036,0,0,0
1421,23183,2,0,0
1422,23376,2,-1,-1
1423,22957,2,2,2
1424,22840,2,2,2
1425,16646,1,1,1
1426,5874,0,-1,-1
1427,16100,1,1,1
1428,22809,2,-1,-1
1429,22640,2,2,2
1430,23224,2,-1,-1
1431,2650,0,0,0
1432,23274,2,-1,-1
1433,18667,0,0,0
1434,17359,0,-1,-1
1435,2992,0,2,2
1436,19279,1,1,1
1437,18604,0,0,0
1438,7350,0,0,0
1439,8133,1,2,2
1440,19216,0,0,0
1441,23456,2,-1,-1
1442,22697,2,2,2
1443,4206,1,2,2
1444,5564,1,0,0
1445,1109,1,1,1
1446,12682,1,1,1
1447,23211,2,-1,-1
1448,22979,2,0,0
1449,5377,2,1,1
1450,23037,2,-1,-1
1451,16157,0,0,0
1452,23228,2,2,2
1453,18761,0,0,0
1454,9320,1,1,1
1455,23343,2,2,2
1456,17273,1,1,1
1457,23168,2,2,2
1458,13687,0,0,0
1459,3638,0,2,2
1460,14461,0,0,0
1461,10150,0,0,0
1462,23489,2,0,0
1463,8651,1,0,0
1464,791,0,0,0
1465,12986,1,1,1
1466,2377,1,0,0
1467,23218,2,2,2
1468,7372,1,0,0
1469,6788,1,2,2
1470,23018,2,-1,-1
1471,22615,2,0,0
1472,10492,1,-1,-1
1473,14844,0,0,0
1474,14208,0,0,0
1475,151,1,-1,-1
1476,3931,0,-1,-1
1477,1805,0,0,0
1478,13336,0,0,0
1479,13447,0,2,2
1480,9639,1,0,0
1481,11284,0,0,0
1482,9338,1,2,2
1483,23352,2,2,2
1484,1921,1,1,1
1485,23041,2,2,2
1486,22657,2,2,2
1487,16214,0,2,2
1488,18540,1,0,0
1489,22738,2,0,0
1490,23180,2,2,2
1491,10169,1,2,2
1492,9760,0,0,0
1493,23387,2,-1,-1
1494,15540,1,-1,-1
1495,13899,1,0,0
1496,19214,1,0,0
1497,7352,0,0,0
1498,2887,0,0,0
1499,17444,0,0,0
1500,19280,0,0,0
1501,10918,0,2,2
1502,22812,2,0,0
1503,14424,1,0,0
1504,23266,2,0,0
1505,15235,0,0,0
1506,23179,2,2,2
1507,23186,2,-1,-1
1508,23406,2,2,2
1509,8202,0,0,0
1510,6068,0,0,0
1511,22702,2,-1,-1
1512,8719,1,-1,-1
1513,11765,1,2,2
1514,16987,0,0,0
1515,9545,1,-1,-1
1516,22916,2,2,2
1517,17743,0,1,1
1518,23193,2,2,2
1519,12603,1,-1,-1
1520,23381,2,0,0
1521,22570,2,2,2
1522,101,0,0,0
1523,15603,0,0,0
1524,23307,2,2,2
1525,17453,0,0,0
1526,6216,0,0,0
1527,22532,2,0,0
1528,5593,0,0,0
1529,16024,1,0,0
1530,23075,2,2,2
1531,3643,0,0,0
1532,15815,1,-1,-1
1533,22740,2,0,0
1534,1002,1,1,1
1535,23251,2,2,2
1536,16159,1,0,0
1537,18102,2,0,0
1538,107,1,1,1
1539,8066,0,0,0
1540,23063,2,2,2
1541,2334,1,1,1
1542,11800,0,0,0
1543,938,1,1,1
1544,14014,0,1,1
1545,9003,1,1,1
1546,23462,2,0,0
1547,5065,0,0,0
1548,14659,0,0,0
1549,4660,1,0,0
1550,2137,0,0,0
1551,9963,1,1,1
1552,17652,1,1,1
1553,5431,1,1,1
1554,22667,2,2,2
1555,11599,1,2,2
1556,3108,0,0,0
1557,11089,1,0,0
1558,3952,0,0,0
1559,9621,1,0,0
1560,23101,2,-1,-1
1561,23300,2,2,2
1562,8276,0,2,2
1563,2959,0,2,2
1564,22580,2,2,2
1565,10162,0,0,0
1566,22732,2,2,2
1567,23227,2,2,2
1568,18882,0,1,1
1569,8757,1,0,0
1570,22717,2,2,2
1571,11648,1,-1,-1
1572,12066,1,1,1
1573,3946,0,0,0
1574,18627,1,2,2
1575,23096,2,2,2
1576,11463,1,1,1
1577,16536,1,-1,-1
1578,18658,1,1,1
1579,23024,2,0,0
1580,23208,2,2,2
1581,7007,0,0,0
1582,22660,2,2,2
1583,22878,2,2,2
1584,23405,2,2,2
1585,5041,1,2,2
1586,8939,0,0,0
1587,559,0,0,0
1588,17633,0,-1,-1
1589,3134,1,1,1
1590,4326,0,2,2
1591,17275,0,1,1
1592,23054,2,2,2
1593,22955,2,-1,-1
1594,22987,2,2,2
1595,4879,0,0,0
1596,12879,1,1,1
1597,23123,2,2,2
1598,14716,1,0,0
1599,22800,2,2,2
1600,8103,0,0,0
1601,18018,0,-1,-1
1602,1750,1,2,2
1603,23321,2,0,0
1604,22712,2,2,2
1605,15912,1,1,1
1606,6038,1,1,1
1607,533,1,1,1
1608,23279,2,-1,-1
1609,8886,1,0,0
1610,22990,2,2,2
1611,15858,0,0,0
1612,23229,2,-1,-1
1613,16928,2,1,1
1614,9095,0,0,0
1615,10664,0,0,0
1616,22880,2,-1,-1
1617,17386,0,0,0
1618,16735,1,1,1
1619,10515,0,2,2
1620,23521,2,0,0
1621,22931,2,-1,-1
1622,18919,1,1,1
1623,22847,2,2,2
1624,23031,2,2,2
1625,12117,0,0,0
1626,504,1,2,2
1627,6154,0,0,0
1628,5747,0,0,0
1629,23039,2,2,2
1630,18375,1,1,1
1631,22980,2,2,2
1632,23269,2,2,2
1633,23027,2,2,2
1634,23330,2,-1,-1
1635,18060,0,0,0
1636,6651,0,1,1
1637,353,1,2,2
1638,10233,0,0,0
1639,16245,0,-1,-1
1640,22731,2,2,2
1641,8181,1,1,1
1642,8440,1,1,1
1643,17987,0,0,0
1644,1713,1,1,1
1645,22871,2,2,2
1646,2048,0,0,0
1647,311,0,0,0
1648,13375,0,0,0
1649,4701,1,-1,-1
1650,5317,1,-1,-1
1651,11726,1,0,0
1652,6246,1,1,1
1653,22866,2,1,1
1654,8564,1,1,1
1655,23276,2,2,2
1656,23127,2,0,0
1657,8209,0,1,1
1658,23245,2,0,0
1659,4321,0,0,0
1660,22950,2,2,2
1661,22729,2,-1,-1
1662,14058,1,0,0
1663,13165,1,0,0
1664,9317,0,0,0
1665,2659,0,0,0
1666,2415,1,1,1
1667,14533,0,0,0
1668,22972,2,2,2
1669,13879,0,0,0
1670,2151,0,-1,-1
1671,22802,2,2,2
1672,22832,2,2,2
1673,5560,0,0,0
1674,17927,1,1,1
1675,22609,2,2,2
1676,10921,2,2,2
1677,8721,1,2,2
1678,5530,0,0,0
1679,23199,2,2,2
1680,15101,1,1,1
1681,8755,1,0,0
1682,7002,1,1,1
1683,3741,1,0,0
1684,22976,2,2,2
1685,23191,2,0,0
1686,22705,2,0,0
1687,8224,1,1,1
1688,10090,1,-1,-1
1689,22681,2,-1,-1
1690,2077,1,0,0
1691,15826,1,0,0
1692,22569,2,2,2
1693,12369,1,1,1
1694,22770,2,2,2
1695,16821,0,1,1
1696,23131,2,2,2
1697,12670,0,0,0
1698,19285,1,-1,-1
1699,17065,1,0,0
1700,699,1,1,1
1701,22689,2,2,2
1702,22590,2,2,2
1703,15483,1,2,2
1704,4223,0,1,1
1705,22837,2,2,2
1706,23246,2,0,0
1707,5043,1,2,2
1708,23137,2,2,2
1709,23056,2,2,2
1710,15072,0,-1,-1
1711,8966,0,0,0
1712,6676,0,0,0
1713,4930,0,0,0
1714,1716,1,1,1
1715,22780,2,2,2
1716,22616,2,2,2
1717,23153,2,0,0
1718,8033,1,2,2
1719,23450,2,2,2
1720,870,1,0,0
1721,9763,0,0,0
1722,22767,2,-1,-1
1723,13306,0,-1,-1
1724,23329,2,2,2
1725,23267,2,2,2
1726,2695,0,-1,-1
1727,12703,0,0,0
1728,6025,0,0,0
1729,18949,1,0,0
1730,22795,2,-1,-1
1731,2312,0,0,0
1732,22825,2,-1,-1
1733,14910,0,2,2
1734,23071,2,2,2
1735,23337,2,-1,-1
1736,14782,0,0,0
1737,22548,2,2,2
1738,14396,1,-1,-1
1739,2869,1,1,1
1740,23125,2,2,2
1741,14859,1,1,1
1742,9223,0,0,0
1743,16412,0,0,0
1744,23190,2,2,2
1745,22655,2,2,2
1746,22958,2,2,2
1747,23135,2,-1,-1
1748,6689,0,0,0
1749,17941,1,1,1
1750,23003,2,2,2
1751,3648,1,0,0
1752,23099,2,-1,-1
1753,15145,1,1,1
1754,22981,2,2,2
1755,23495,2,2,2
1756,3591,2,1,1
1757,4329,0,0,0
1758,23092,2,0,0
1759,22546,2,2,2
1760,22751,2,0,0
1761,22582,2,2,2
1762,13238,2,-1,-1
1763,17866,1,-1,-1
1764,4615,0,0,0
1765,14804,0,0,0
1766,14282,1,2,2
1767,23312,2,2,2
1768,9729,0,1,1
1769,23202,2,2,2
1770,13146,1,0,0
1771,5914,1,1,1
1772,925,0,0,0
1773,23425,2,1,1
1774,22658,2,2,2
1775,23437,2,2,2
1776,23345,2,0,0
1777,1774,1,1,1
1778,10749,0,2,2
1779,22605,2,0,0
1780,11727,1,0,0
1781,23310,2,0,0
1782,15990,1,0,0
1783,11302,0,0,0
1784,23203,2,2,2
1785,3764,1,0,0
1786,6198,0,0,0
1787,17038,1,0,0
1788,12355,1,1,1
1789,18589,0,0,0
1790,22554,2,-1,-1
1791,10561,1,1,1
1792,22895,2,1,1
1793,15502,1,2,2
1794,19481,0,0,0
1795,75,1,1,1
1796,5838,0,0,0
1797,23481,2,2,2
1798,752,0,0,0
1799,4272,0,1,1
1800,839,1,1,1
1801,22672,2,-1,-1
1802,9129,0,0,0
1803,13314,0,0,0
1804,3921,1,-1,-1
1805,16991,0,0,0
1806,23042,2,2,2
1807,23471,2,2,2
1808,2364,0,0,0
1809,783,0,-1,-1
1810,23424,2,0,0
1811,10549,1,1,1
1812,10895,1,2,2
1813,22915,2,0,0
1814,4185,0,2,2
1815,3570,0,0,0
1816,14176,0,0,0
1817,5117,0,2,2
1818,8706,0,0,0
1819,14618,1,0,0
1820,22815,2,2,2
1821,23417,2,-1,-1
1822,10871,0,0,0
1823,6177,0,0,0
1824,22684,2,0,0
1825,22572,2,2,2
1826,11282,1,0,0
1827,13047,0,2,2
1828,409,1,0,0
1829,761,0,0,0
1830,14590,1,0,0
1831,8748,0,0,0
1832,23389,2,2,2
1833,8093,1,1,1
1834,15515,2,-1,-1
1835,6783,1,1,1
1836,23418,2,-1,-1
1837,22692,2,2,2
1838,23496,2,2,2
1839,6696,0,0,0
1840,23348,2,2,2
1841,17428,1,1,1
1842,18592,0,0,0
1843,22530,2,2,2
1844,1564,1,-1,-1
1845,22700,2,2,2
1846,22713,2,2,2
1847,23248,2,2,2
1848,6023,1,0,0
1849,18512,1,0,0
1850,13944,0,0,0
1851,5313,1,0,0
1852,9266,0,0,0
1853,9443,1,2,2
1854,17943,1,0,0
1855,4708,0,0,0
1856,11959,0,0,0
1857,6381,0,2,2
1858,23510,2,2,2
1859,9444,0,2,2
1860,23145,2,2,2
1861,22747,2,-1,-1
1862,22819,2,2,2
1863,23316,2,2,2
1864,13003,1,1,1
1865,8799,0,0,0
1866,17630,0,0,0
1867,10866,0,0,0
1868,23240,2,-1,-1
1869,23514,2,2,2
1870,23006,2,0,0
1871,22664,2,0,0
1872,22775,2,0,0
1873,17993,1,0,0
1874,781,1,0,0
1875,23347,2,2,2
1876,22949,2,2,2
1877,22696,2,2,2
1878,18488,1,1,1
1879,12560,0,0,0
1880,1676,0,1,1
1881,22933,2,2,2
1882,19316,0,0,0
1883,8095,1,1,1
1884,13657,1,0,0
1885,23204,2,2,2
1886,9064,0,0,0
1887,22913,2,2,2
1888,12563,1,0,0
1889,23121,2,0,0
1890,6492,1,1,1
1891,3206,1,0,0
1892,22848,2,2,2
1893,22581,2,2,2
1894,14713,0,0,0
1895,4322,1,0,0
1896,8150,0,1,1
1897,23085,2,1,1
1898,12002,0,0,0
1899,23344,2,2,2
1900,17380,0,-1,-1
1901,657,0,0,0
1902,13032,1,1,1
1903,7008,0,2,2
1904,23433,2,0,0
1905,14619,0,0,0
1906,23410,2,2,2
1907,12318,1,1,1
1908,11381,2,0,0
1909,12198,1,0,0
1910,18162,0,0,0
1911,23258,2,-1,-1
1912,23115,2,2,2
1913,5692,0,0,0
1914,2876,0,0,0
1915,22923,2,2,2
1916,23074,2,0,0
1917,2747,0,0,0
1918,1421,1,1,1
1919,19244,1,0,0
1920,3383,0,0,0
1921,23051,2,2,2
1922,23494,2,2,2
1923,22971,2,2,2
1924,13167,1,0,0
1925,23222,2,2,2
1926,22870,2,2,2
1927,22783,2,2,2
1928,6930,0,0,0
1929,19284,1,-1,-1
1930,23365,2,-1,-1
1931,23196,2,2,2
1932,22768,2,0,0
1933,11058,0,0,0
1934,19084,1,0,0
1935,15014,1,1,1
1936,23117,2,-1,-1
1937,10473,1,0,0
1938,3078,1,2,2
1939,23453,2,1,1
1940,17995,1,1,1
1941,10186,1,1,1
1942,2052,0,0,0
1943,19255,1,2,2
1944,22661,2,0,0
1945,15535,0,2,2
1946,16880,0,0,0
1947,23497,2,2,2
1948,23207,2,0,0
1949,3641,0,0,0
1950,11724,1,-1,-1
1951,22714,2,2,2
1952,19044,0,2,2
1953,11491,1,-1,-1
1954,17716,1,-1,-1
1955,3422,1,1,1
1956,22571,2,2,2
1957,2152,1,-1,-1
1958,23432,2,2,2
1959,15028,0,0,0
1960,10809,0,0,0
1961,14297,1,0,0
1962,11085,1,2,2
1963,8041,0,0,0
1964,3963,1,0,0
1965,23114,2,0,0
1966,23443,2,2,2
1967,4992,0,1,1
1968,1928,0,0,0
1969,22728,2,-1,-1
1970,18501,0,1,1
1971,3138,0,0,0
1972,12339,1,0,0
1973,2117,1,1,1
1974,1128,2,0,0
1975,7450,1,1,1
1976,23399,2,-1,-1
1977,3528,1,2,2
1978,23184,2,2,2
1979,22627,2,2,2
1980,6687,0,1,1
1981,22610,2,2,2
1982,16855,0,1,1
1983,13349,0,0,0
1984,23110,2,2,2
1985,18498,1,0,0
1986,18063,0,1,1
1987,22679,2,0,0
1988,23130,2,-1,-1
1989,19058,1,0,0
1990,5584,1,1,1
1991,22872,2,0,0
1992,5526,1,1,1
1993,11835,0,0,0
1994,23505,2,2,2
1995,23250,2,0,0
1996,1926,1,0,0
1997,23382,2,2,2
1998,15054,0,0,0
1999,8753,1,0,0
2000,18770,0,0,0
2001,23159,2,2,2
2002,22811,2,0,0
2003,23465,2,2,2
2004,18998,0,0,0
2005,22854,2,2,2
2006,10078,0,0,0
2007,22995,2,2,2
2008,13686,0,0,0
2009,2228,1,0,0
2010,12692,0,1,1
2011,22641,2,2,2
2012,5983,0,1,1
2013,5186,0,0,0
2014,23313,2,2,2
2015,6493,0,1,1
2016,8885,1,0,0
2017,16610,0,0,0
2018,19496,1,0,0
2019,23237,2,-1,-1
2020,12537,0,-1,-1
2021,11994,1,0,0
2022,1119,0,0,0
2023,3548,0,0,0
2024,15813,1,0,0
2025,5090,1,0,0
2026,16677,0,0,0
2027,22951,2,2,2
2028,22940,2,2,2
2029,4294,0,0,0
2030,19024,1,0,0
2031,16875,0,0,0
2032,4732,0,0,0
2033,22982,2,2,2
2034,17430,0,0,0
2035,8348,0,0,0
2036,1238,0,-1,-1
2037,14367,0,0,0
2038,420,1,1,1
2039,23470,2,-1,-1
2040,16765,1,1,1
2041,12137,0,0,0
2042,15465,1,0,0
2043,16989,1,0,0
2044,1154,1,1,1
2045,23430,2,2,2
2046,23032,2,-1,-1
2047,11760,1,-1,-1
2048,6035,1,1,1
2049,22563,2,0,0
2050,16679,0,0,0
2051,887,0,0,0
2052,23038,2,2,2
2053,23480,2,2,2
2054,23284,2,2,2
2055,5562,1,0,0
2056,19419,0,0,0
2057,22743,2,2,2
2058,23467,2,2,2
2059,23021,2,2,2
2060,9964,1,1,1
2061,289,0,0,0
2062,23172,2,2,2
2063,22628,2,2,2
2064,12681,1,1,1
2065,15733,1,1,1
2066,15443,1,0,0
2067,17053,1,0,0
2068,5244,1,-1,-1
2069,1232,1,2,2
2070,23283,2,0,0
2071,22888,2,2,2
2072,23305,2,2,2
2073,23230,2,2,2
2074,23464,2,2,2
2075,22762,2,2,2
2076,22567,2,1,1
2077,2682,0,0,0
2078,8135,1,1,1
2079,18246,1,1,1
2080,1020,0,-1,-1
2081,22545,2,2,2
2082,4568,1,1,1
2083,23236,2,2,2
2084,17182,1,2,2
2085,6295,0,0,0
2086,16509,0,1,1
2087,15890,1,1,1
2088,1613,0,2,2
2089,22766,2,0,0
2090,11618,1,0,0
2091,5452,1,2,2
2092,5870,1,0,0
2093,23253,2,2,2
2094,23049,2,1,1
2095,14409,0,0,0
2096,8622,0,0,0
2097,4469,1,0,0
2098,16802,1,1,1
2099,13030,0,1,1
2100,22756,2,2,2
2101,22755,2,1,1
2102,16682,0,0,0
2103,22733,2,2,2
2104,14107,0,0,0
2105,4137,0,0,0
2106,10979,0,-1,-1
2107,22693,2,1,1
2108,8578,0,1,1
2109,11362,1,1,1
2110,3302,0,0,0
2111,14194,0,0,0
2112,22688,2,2,2
2113,13414,1,1,1
2114,8620,0,2,2
2115,23089,2,2,2
2116,16895,1,2,2
2117,3483,0,0,0
2118,5609,0,0,0
2119,23419,2,2,2
2120,1453,1,0,0
2121,23161,2,2,2
2122,3731,1,0,0
2123,22821,2,0,0
2124,23493,2,2,2
2125,23293,2,2,2
2126,9580,1,1,1
2127,11879,0,0,0
2128,4251,1,0,0
2129,6679,0,0,0
2130,12367,0,0,0
2131,1604,1,1,1
2132,13894,1,0,0
2133,23087,2,2,2
2134,18294,1,1,1
2135,16934,0,0,0
2136,23363,2,2,2
2137,6288,0,2,2
2138,10754,0,0,0
2139,4565,1,2,2
2140,11936,0,0,0
2141,22966,2,2,2
2142,23392,2,2,2
2143,13374,0,0,0
2144,22860,2,1,1
2145,8169,0,0,0
2146,5217,1,0,0
2147,5236,0,0,0
2148,22827,2,0,0
2149,15032,0,0,0
2150,11396,1,0,0
2151,15199,1,2,2
2152,23304,2,1,1
2153,17809,0,0,0
2154,1735,0,2,2
2155,10103,0,-1,-1
2156,19124,0,0,0
2157,16767,1,1,1
2158,6967,1,0,0
2159,1324,0,0,0
2160,14979,1,0,0
2161,4513,0,0,0
2162,12515,0,0,0
2163,22797,2,2,2
2164,8183,1,2,2
2165,13993,1,0,0
2166,13441,2,-1,-1
2167,23377,2,2,2
2168,22835,2,2,2
2169,14718,0,0,0
2170,659,0,-1,-1
2171,23013,2,2,2
2172,12648,0,0,0
2173,22577,2,2,2
2174,3908,0,0,0
2175,7395,0,0,0
2176,6924,1,1,1
2177,22601,2,2,2
2178,8428,1,0,0
2179,11572,1,1,1
2180,22758,2,-1,-1
2181,22884,2,1,1
2182,22839,2,2,2
2183,13459,1,1,1
2184,22876,2,2,2
2185,22808,2,-1,-1
2186,22793,2,2,2
2187,9021,0,0,0
2188,798,1,1,1
2189,11224,0,0,0
2190,4299,1,1,1
2191,2332,0,-1,-1
2192,14948,0,0,0
2193,23414,2,2,2
2194,22527,2,2,2
2195,4885,0,0,0
2196,4931,0,0,0
2197,23080,2,2,2
2198,23308,2,2,2
2199,22718,2,2,2
2200,11399,1,0,0
2201,23319,2,2,2
2202,16247,1,1,1
2203,22879,2,-1,-1
2204,5060,0,0,0
2205,22873,2,2,2
2206,12005,1,2,2
2207,1889,1,1,1
2208,23225,2,0,0
2209,23124,2,0,0
2210,4261,1,1,1
2211,16138,0,0,0
2212,18180,1,1,1
2213,2032,0,0,0
2214,9968,1,0,0
2215,4143,1,1,1
2216,22902,2,0,0
2217,13449,1,1,1
2218,8586,1,-1,-1
2219,12507,0,-1,-1
2220,22594,2,2,2
2221,13004,1,1,1
2222,2136,1,2,2
2223,23144,2,2,2
2224,1138,0,0,0
2225,22790,2,2,2
2226,11601,1,0,0
2227,22805,2,-1,-1
2228,22585,2,2,2
2229,16140,0,0,0
2230,3964,1,-1,-1
2231,22952,2,0,0
2232,11350,1,0,0
2233,2173,1,1,1
2234,23386,2,2,2
2235,23241,2,-1,-1
2236,19334,0,2,2
2237,22865,2,2,2
2238,18068,1,1,1
2239,23436,2,2,2
2240,18372,1,1,1
2241,10567,0,0,0
2242,11197,1,-1,-1
2243,277,0,0,0
2244,17311,1,1,1
2245,23415,2,0,0
2246,23434,2,0,0
2247,23175,2,2,2
2248,23182,2,-1,-1
2249,22846,2,2,2
2250,5631,1,1,1
2251,14105,0,0,0
2252,5077,1,-1,-1
2253,17062,1,1,1
2254,14623,0,0,0
2255,4375,0,0,0
2256,3398,0,0,0
2257,18451,0,-1,-1
2258,22662,2,2,2
2259,23301,2,2,2
2260,7724,1,2,2
2261,6562,0,0,0
2262,4516,0,0,0
2263,10208,0,0,0
2264,9593,1,1,1
2265,18363,1,1,1
2266,23194,2,-1,-1
2267,22742,2,2,2
2268,6214,0,0,0
2269,23142,2,2,2
2270,23475,2,0,0
2271,8432,0,1,1
2272,14944,1,1,1
2273,1462,1,0,0
2274,13727,1,0,0
2275,22798,2,-1,-1
2276,9585,1,1,1
2277,3906,1,0,0
2278,22787,2,2,2
2279,22542,2,2,2
2280,22998,2,2,2
2281,22597,2,0,0
2282,14135,2,1,1
2283,22707,2,2,2
2284,10960,0,0,0
2285,14617,1,0,0
2286,22801,2,2,2
2287,942,0,0,0
2288,16634,0,2,2
2289,17269,0,0,0
2290,14555,1,1,1
2291,15189,0,0,0
2292,17009,1,2,2
2293,14459,0,0,0
2294,23034,2,2,2
2295,16325,0,0,0
2296,71,0,0,0
2297,2067,0,0,0
2298,23388,2,2,2
2299,3734,0,0,0
2300,23070,2,2,2
2301,23431,2,0,0
2302,7388,0,0,0
2303,12913,1,0,0
2304,2157,1,0,0
2305,1639,1,1,1
2306,3008,0,0,0
2307,15440,0,0,0
2308,10099,0,-1,-1
2309,6991,0,0,0
2310,9289,0,0,0
2311,19302,1,0,0
2312,12027,0,0,0
2313,3981,0,0,0
2314,23477,2,2,2
2315,11504,1,1,1
2316,22834,2,-1,-1
2317,1195,0,0,0
2318,3080,1,1,1
2319,2330,0,0,0
2320,23149,2,-1,-1
2321,14300,1,0,0
2322,23318,2,2,2
2323,22963,2,0,0
2324,13087,0,0,0
2325,23315,2,2,2
2326,23045,2,2,2
2327,14845,0,-1,-1
2328,22818,2,1,1
2329,8208,1,2,2
2330,22753,2,-1,-1
2331,12135,0,0,0
2332,1408,2,-1,-1
2333,4061,1,2,2
2334,11597,1,2,2
2335,6891,1,2,2
2336,9153,0,0,0
2337,4989,1,2,2
2338,13237,2,-1,-1
2339,7612,0,0,0
2340,10504,1,1,1
2341,2601,0,0,0
2342,6175,0,0,0
2343,17393,1,2,2
2344,3582,0,0,0
2345,1014,1,0,0
2346,23390,2,2,2
2347,22864,2,2,2
2348,12729,0,-1,-1
2349,11763,2,1,1
2350,3377,1,0,0
2351,11174,1,1,1
2352,1641,1,1,1
2353,4983,1,1,1
2354,4799,0,0,0
2355,8172,1,1,1
2356,13083,1,-1,-1
2357,17638,0,0,0
2358,3556,1,0,0
2359,23369,2,2,2
2360,22969,2,2,2
2361,22685,2,2,2
2362,10235,0,0,0
2363,11269,1,1,1
2364,4763,1,1,1
2365,13623,0,0,0
2366,1869,1,-1,-1
2367,23047,2,2,2
2368,5485,0,1,1
2369,18855,1,0,0
2370,22559,2,2,2
2371,14643,1,0,0
2372,19126,0,0,0
2373,9123,1,1,1
2374,18819,1,0,0
2375,22772,2,0,0
2376,23173,2,0,0
2377,3844,1,2,2
2378,11842,1,1,1
2379,8883,0,0,0
2380,23107,2,2,2
2381,10570,0,0,0
2382,22752,2,-1,-1
2383,15503,1,2,2
2384,7119,1,1,1
2385,141,0,0,0
2386,17812,1,0,0
2387,14445,0,0,0
2388,15472,1,0,0
2389,14942,1,0,0
2390,23288,2,2,2
2391,15123,0,0,0
2392,12316,0,0,0
2393,10289,0,0,0
2394,14122,1,-1,-1
2395,22652,2,2,2
2396,10732,0,0,0
2397,9263,0,-1,-1
2398,17092,0,0,0
2399,10202,0,0,0
2400,3012,0,1,1
2401,22922,2,0,0
2402,23373,2,2,2
2403,15103,0,0,0
2404,23155,2,2,2
2405,8144,1,1,1
2406,16276,1,0,0
2407,13561,0,-1,-1
2408,23011,2,-1,-1
2409,22625,2,2,2
2410,6020,0,0,0
2411,10598,0,0,0
2412,9416,1,0,0
2413,23426,2,2,2
2414,11240,2,0,0
2415,22748,2,2,2
2416,11476,0,0,0
2417,10142,0,1,1
2418,1443,1,1,1
2419,3989,0,0,0
2420,22735,2,0,0
2421,4014,1,1,1
2422,23242,2,2,2
2423,22881,2,2,2
2424,22944,2,0,0
2425,23482,2,0,0
2426,8964,0,1,1
2427,19070,0,0,0
2428,23461,2,2,2
2429,2634,0,2,2
2430,11925,1,-1,-1
2431,23068,2,2,2
2432,16803,0,0,0
2433,23220,2,2,2
2434,22856,2,2,2
2435,22588,2,2,2
2436,10282,1,1,1
2437,274,0,0,0
2438,3673,0,2,2
2439,17790,0,0,0
2440,725,1,0,0
2441,13424,0,0,0
2442,23427,2,0,0
2443,22774,2,2,2
2444,23078,2,2,2
2445,4105,0,-1,-1
2446,23400,2,0,0
2447,8166,1,-1,-1
2448,11693,1,0,0
2449,16625,0,0,0
2450,13679,0,0,0
2451,17651,0,1,1
2452,13733,0,2,2
2453,14860,1,0,0
2454,12469,0,0,0
2455,23083,2,2,2
2456,22828,2,-1,-1
2457,23322,2,2,2
2458,23483,2,2,2
2459,30,0,0,0
2460,23048,2,2,2
2461,10302,1,-1,-1
2462,5064,1,1,1
2463,23152,2,0,0
2464,23287,2,-1,-1
2465,22961,2,2,2
2466,200,0,0,0
2467,22754,2,2,2
2468,14119,1,2,2
2469,8439,1,1,1
2470,22727,2,0,0
2471,4817,1,-1,-1
2472,15955,0,0,0
2473,7640,1,0,0
2474,5897,0,1,1
2475,22574,2,0,0
2476,6280,0,0,0
2477,23010,2,2,2
2478,41,0,0,0
2479,23176,2,2,2
2480,23100,2,2,2
2481,14980,0,0,0
2482,12336,0,0,0
2483,23420,2,2,2
2484,2493,0,0,0
2485,22962,2,2,2
2486,10545,1,0,0
2487,23108,2,2,2
2488,854,1,1,1
2489,23058,2,2,2
2490,11750,1,0,0
2491,2068,1,0,0
2492,7860,1,0,0
2493,23309,2,-1,-1
2494,4192,0,-1,-1
2495,23023,2,0,0
2496,13715,0,0,0
2497,23372,2,2,2
2498,17959,0,0,0
2499,23020,2,2,2
2500,23263,2,0,0
2501,22763,2,-1,-1
2502,2696,0,0,0
2503,18065,0,0,0
2504,13743,0,0,0
2505,7537,1,2,2
2506,501,1,1,1
2507,6223,0,0,0
2508,22959,2,2,2
2509,6789,1,2,2
2510,17287,2,0,0
2511,18570,1,0,0
2512,15596,1,0,0
2513,22626,2,0,0
2514,3961,0,-1,-1
2515,10981,1,-1,-1
2516,23446,2,-1,-1
2517,5297,1,1,1
2518,5000,1,1,1
2519,1407,0,-1,-1
2520,23197,2,2,2
2521,15172,1,1,1
2522,17166,1,-1,-1
2523,22670,2,0,0
2524,11378,0,2,2
2525,22804,2,-1,-1
2526,23395,2,0,0
2527,15996,1,0,0
2528,8162,1,0,0
2529,14968,1,0,0
2530,22669,2,0,0
2531,23421,2,2,2
2532,2376,0,0,0
2533,6278,1,2,2
2534,3314,1,0,0
2535,3918,0,0,0
2536,9417,0,0,0
2537,22896,2,2,2
2538,9896,1,2,2
2539,22986,2,2,2
2540,19416,1,-1,-1
2541,13506,0,0,0
2542,872,1,1,1
2543,23158,2,2,2
2544,733,1,0,0
2545,5241,0,0,0
2546,5442,1,1,1
2547,9873,0,0,0
2548,23209,2,2,2
2549,2046,0,0,0
2550,11475,1,1,1
2551,22773,2,-1,-1
2552,16845,2,0,0
2553,22975,2,0,0
2554,7292,0,0,0
2555,22988,2,2,2
2556,12004,0,2,2
2557,22549,2,2,2
2558,14574,1,1,1
2559,22857,2,0,0
2560,12045,0,0,0
2561,16357,0,0,0
2562,14071,1,0,0
2563,10959,1,0,0
2564,13530,0,0,0
2565,23507,2,2,2
2566,23290,2,-1,-1
2567,22671,2,0,0
2568,22781,2,2,2
2569,12133,0,0,0
2570,7047,1,1,1
2571,23303,2,2,2
2572,23065,2,2,2
2573,9190,0,0,0
2574,11173,1,1,1
2575,19494,0,2,2
2576,11617,1,-1,-1
2577,2863,0,0,0
2578,22785,2,0,0
2579,11646,1,0,0
2580,13533,0,0,0
2581,14546,1,1,1
2582,23126,2,2,2
2583,23163,2,2,2
2584,23017,2,0,0
2585,12978,0,0,0
2586,22838,2,-1,-1
2587,22539,2,2,2
2588,6541,1,-1,-1
2589,23448,2,2,2
2590,19319,0,-1,-1
2591,22855,2,2,2
2592,12243,1,0,0
2593,9818,0,1,1
2594,14645,0,0,0
2595,13171,1,1,1
2596,11063,1,0,0
2597,18350,0,2,2
2598,18129,1,0,0
2599,6389,1,1,1
2600,11443,0,0,0
2601,11762,2,0,0
2602,13169,0,0,0
2603,22841,2,2,2
2604,7980,0,0,0
2605,10676,1,2,2
2606,23292,2,2,2
2607,23086,2,2,2
2608,10085,1,2,2
2609,22765,2,2,2
2610,22557,2,-1,-1
2611,5115,0,0,0
2612,22858,2,2,2
2613,11068,0,0,0
2614,18348,0,1,1
2615,8206,1,-1,-1
2616,10088,0,0,0
2617,23187,2,2,2
2618,3553,0,0,0
2619,22934,2,-1,-1
2620,3395,0,1,1
2621,1531,0,0,0
2622,14121,2,0,0
2623,10517,1,1,1
2624,15601,0,0,0
2625,22613,2,2,2
2626,23146,2,1,1
2627,2614,1,1,1
2628,4123,0,0,0
2629,6559,1,0,0
2630,23082,2,2,2
2631,1592,1,2,2
2632,22850,2,0,0
2633,23328,2,2,2
2634,7346,1,0,0
2635,23472,2,0,0
2636,841,1,1,1
2637,23206,2,0,0
2638,23067,2,2,2
2639,10775,0,0,0
2640,14377,0,0,0
2641,22822,2,2,2
2642,1567,1,0,0
2643,7264,0,0,0
2644,6711,1,0,0
2645,23295,2,2,2
2646,23055,2,2,2
2647,14747,0,0,0
2648,7201,1,2,2
2649,18371,0,1,1
2650,424,0,1,1
2651,16647,1,1,1
2652,15393,1,1,1
2653,23516,2,2,2
2654,13305,0,1,1
2655,17317,1,2,2
2656,12262,1,0,0
2657,19492,1,-1,-1
2658,22575,2,0,0
2659,6453,0,2,2
2660,22673,2,2,2
2661,23357,2,2,2
2662,11603,0,0,0
2663,1449,1,0,0
2664,3664,1,1,1
2665,771,1,-1,-1
2666,22644,2,2,2
2667,2962,1,1,1
2668,11803,1,1,1
2669,22830,2,2,2
2670,23192,2,0,0
2671,2155,1,0,0
2672,22910,2,0,0
2673,10430,1,0,0
2674,18542,1,0,0
2675,7122,1,1,1
2676,22757,2,2,2
2677,22620,2,2,2
2678,13692,0,0,0
2679,1882,1,-1,-1
2680,6455,1,2,2
2681,2343,1,0,0
2682,9505,1,1,1
2683,7615,2,1,1
2684,23466,2,2,2
2685,22552,2,2,2
2686,19301,1,0,0
2687,23008,2,0,0
2688,929,1,1,1
2689,1126,1,2,2
2690,9262,0,2,2
2691,1891,1,2,2
2692,19429,1,1,1
2693,16514,0,2,2
2694,22598,2,-1,-1
2695,3143,0,0,0
2696,18511,0,0,0
2697,3145,0,0,0
2698,14536,1,0,0
2699,23452,2,2,2
2700,6717,0,0,0
2701,23412,2,-1,-1
2702,18227,1,1,1
2703,16878,0,0,0
2704,5901,1,1,1
2705,9698,1,1,1
2706,22983,2,0,0
2707,22579,2,2,2
2708,15238,0,0,0
2709,47,0,0,0
2710,17079,0,2,2
2711,249,0,0,0
2712,13009,0,2,2
2713,1209,1,1,1
2714,22648,2,2,2
2715,8223,1,1,1
2716,8221,0,-1,-1
2717,17621,1,1,1
2718,23116,2,0,0
2719,8147,1,2,2
2720,22536,2,2,2
2721,18755,1,1,1
2722,22646,2,0,0
2723,22853,2,2,2
2724,22894,2,2,2
2725,4704,2,1,1
2726,12121,1,0,0
2727,23217,2,2,2
2728,22547,2,0,0
2729,17528,1,1,1
2730,13084,1,1,1
2731,8346,1,0,0
2732,22706,2,-1,-1
2733,23219,2,2,2
2734,1026,0,0,0
2735,1746,0,0,0
2736,23052,2,-1,-1
2737,9097,0,0,0
2738,22953,2,2,2
2739,1255,1,1,1
2740,22929,2,2,2
2741,12496,1,1,1
2742,19278,1,1,1
2743,11747,1,0,0
2744,4031,0,-1,-1
2745,9486,1,1,1
2746,23001,2,0,0
2747,2897,0,2,2
2748,14017,1,0,0
2749,22611,2,2,2
2750,23256,2,2,2
2751,15051,0,0,0
2752,23366,2,2,2
2753,22984,2,2,2
2754,16720,1,0,0
2755,22799,2,-1,-1
2756,550,1,1,1
2757,22845,2,2,2
2758,23040,2,-1,-1
2759,5548,0,0,0
2760,23459,2,2,2
2761,6567,0,0,0
2762,23064,2,2,2
2763,11069,0,0,0
2764,6201,1,0,0
2765,22686,2,2,2
2766,22708,2,2,2
2767,23356,2,2,2
2768,17426,1,-1,-1
2769,23429,2,2,2
2770,19107,0,0,0
2771,18089,0,0,0
2772,18965,0,0,0
2773,15245,0,0,0
2774,18807,0,0,0
2775,8136,1,1,1
2776,13490,0,2,2
2777,23260,2,0,0
2778,10312,1,1,1
2779,2426,0,0,0
2780,10065,0,0,0
2781,5894,1,2,2
2782,3477,0,0,0
2783,22674,2,2,2
2784,22737,2,1,1
2785,8416,0,0,0
2786,23235,2,2,2
2787,23029,2,-1,-1
2788,19188,0,0,0
2789,3847,1,1,1
2790,3846,1,-1,-1
2791,15231,0,-1,-1
2792,22844,2,0,0
2793,18369,1,1,1
2794,14125,1,0,0
2795,15527,0,2,2
2796,23334,2,0,0
2797,8617,1,2,2
2798,23109,2,1,1
2799,22882,2,2,2
2800,638,1,1,1
2801,3698,0,-1,-1
2802,23098,2,-1,-1
2803,23073,2,2,2
2804,22920,2,0,0
2805,15611,0,0,0
2806,4311,0,0,0
2807,5289,2,0,0
2808,18757,1,1,1
2809,3755,0,0,0
2810,5931,0,0,0
2811,22978,2,-1,-1
2812,23133,2,2,2
2813,18362,0,-1,-1
2814,23370,2,2,2
2815,23022,2,2,2
2816,23364,2,2,2
2817,23154,2,2,2
2818,10237,1,0,0
2819,13209,0,0,0
2820,23095,2,2,2
2821,22842,2,2,2
2822,22633,2,2,2
2823,9636,0,0,0
2824,11499,0,0,0
2825,8201,0,0,0
2826,11637,1,0,0
2827,23317,2,2,2
2828,10547,1,-1,-1
2829,22863,2,2,2
